IssueNo,number
170418001,1,2,4
170418002,4,4,6
170418003,1,6,6
170418004,1,6,6
170418005,2,4,4
170418006,1,2,5
170418007,1,3,6
170418008,2,3,6
170418009,3,4,5
170418010,2,6,6
170418011,3,4,4
170418012,2,5,6
170418013,2,4,6
170418014,2,5,5
170418015,3,4,5
170418016,1,2,3
170418017,1,5,5
170418018,2,4,6
170418019,4,5,5
170418020,5,6,6
170418021,2,3,6
170418022,1,1,4
170418023,1,2,6
170418024,1,1,3
170418025,3,4,6
170418026,1,2,6
170418027,1,4,5
170418028,1,3,6
170418029,1,4,6
170418030,1,1,2
170418031,1,2,4
170418032,2,6,6
170418033,1,4,4
170418034,4,5,6
170418035,4,4,5
170418036,1,2,4
170418037,4,5,5
170418038,1,2,3
170418039,4,4,5
170418040,1,3,5
170418041,1,4,5
170418042,4,4,5
170418043,1,3,6
170418044,1,4,4
170418045,1,4,4
170418046,3,6,6
170418047,2,2,5
170418048,1,2,3
170418049,1,2,4
170418050,1,4,5
170418051,2,4,4
170418052,1,1,6
170418053,3,5,6
170418054,1,3,5
170418055,3,5,6
170418056,1,3,6
170418057,2,2,3
170418058,1,5,6
170418059,6,6,6
170418060,3,5,5
170418061,1,2,3
170418062,3,3,5
170418063,2,3,4
170418064,5,5,6
170418065,2,3,6
170418066,2,3,6
170418067,4,4,6
170418068,1,2,2
170418069,1,1,1
170418070,1,1,5
170418071,4,5,6
170418072,2,2,2
170418073,2,3,6
170419001,2,2,5
170419002,2,4,5
170419003,3,5,6
170419004,2,2,6
170419005,1,3,4
170419006,5,6,6
170419007,1,1,1
170419008,1,2,2
170419009,1,1,2
170419010,3,3,5
170419011,2,2,5
170419012,4,4,6
170419013,2,3,3
170419014,4,5,6
170419015,1,4,6
170419016,4,4,6
170419017,1,4,4
170419018,2,4,5
170419019,1,4,4
170419020,4,6,6
170419021,1,1,3
170419022,1,1,2
170419023,1,2,2
170419024,6,6,6
170419051,3,4,6
170419052,1,2,3
170419053,2,5,5
170419054,1,3,5
170419055,2,2,6
170419056,2,4,6
170419057,3,3,4
170419058,3,5,6
170419059,1,3,5
170419060,2,4,6
170419061,2,5,6
170419062,3,4,6
170419063,1,5,6
170419064,1,5,5
170419065,1,2,6
170419066,1,2,5
170419067,3,3,5
170419068,2,2,6
170419069,1,2,3
170419070,1,4,5
170419071,4,4,4
170419072,1,5,6
170419073,5,5,6
170420001,2,4,6
170420002,3,3,5
170420003,2,3,6
170420004,1,4,4
170420005,1,2,5
170420006,2,4,4
170420007,2,3,6
170420008,2,3,4
170420009,1,1,2
170420010,1,4,5
170420011,2,3,4
170420012,1,3,5
170420013,4,4,6
170420014,1,2,6
170420015,2,3,5
170420016,1,1,3
170420017,2,4,6
170420018,2,4,6
170420019,1,3,5
170420020,1,3,5
170420021,2,3,6
170420022,2,3,4
170420023,2,3,3
170420024,2,4,5
170420025,2,4,5
170420026,1,2,3
170420027,1,3,5
170420028,1,1,3
170420029,1,4,5
170420030,1,2,6
170420031,1,3,4
170420032,1,4,4
170420033,2,3,6
170420034,1,3,6
170420035,1,3,4
170420036,1,6,6
170420037,2,6,6
170420038,3,4,5
170420039,4,4,4
170420040,1,2,5
170420041,1,5,6
170420042,1,3,5
170420043,2,4,6
170420044,3,3,6
170420045,2,3,6
170420046,1,2,6
170420047,2,3,5
170420048,2,4,5
170420049,1,2,5
170420050,1,2,6
170420051,1,2,6
170420052,1,1,3
170420053,3,5,5
170420054,4,5,6
170420055,1,2,3
170420056,2,2,3
170420057,3,6,6
170420058,1,2,5
170420059,3,4,5
170420060,2,5,6
170420061,1,3,6
170420062,2,2,6
170420063,3,4,6
170420064,1,4,4
170420065,2,2,3
170420066,1,3,5
170420067,1,5,6
170420068,2,5,6
170420069,2,5,6
170420070,3,3,5
170420071,3,5,6
170420072,1,3,6
170420073,1,2,3
170421001,2,3,4
170421002,1,4,6
170421003,1,3,6
170421004,3,3,6
170421005,2,4,6
170421006,1,2,2
170421007,2,4,4
170421008,4,5,6
170421009,1,1,6
170421010,1,2,4
170421011,2,6,6
170421012,1,1,1
170421013,2,2,5
170421014,3,5,6
170421015,5,6,6
170421016,1,1,4
170421017,4,4,5
170421018,3,3,4
170421019,1,1,6
170421020,3,5,5
170421021,3,5,5
170421022,4,4,4
170421023,2,2,5
170421024,2,2,6
170421025,3,4,4
170421026,1,3,6
170421027,1,1,3
170421028,5,5,5
170421029,3,6,6
170421030,1,6,6
170421031,3,5,6
170421032,1,4,5
170421033,1,3,4
170421034,3,4,4
170421035,3,3,4
170421036,1,2,5
170421037,2,5,6
170421038,2,2,3
170421039,1,2,3
170421040,1,3,6
170421041,2,3,6
170421042,2,4,4
170421043,1,4,6
170421044,4,4,5
170421045,1,2,5
170421046,2,4,5
170421047,2,5,6
170421048,1,3,6
170421049,3,4,5
170421050,3,4,6
170421051,1,1,6
170421052,4,5,6
170421053,1,4,4
170421054,3,6,6
170421055,1,3,3
170421056,1,2,5
170421057,1,5,6
170421058,2,3,4
170421059,1,5,5
170421060,4,5,5
170421061,1,3,4
170421062,2,2,5
170421063,4,4,5
170421064,1,4,5
170421065,1,1,4
170421066,2,2,5
170421067,3,5,5
170421068,1,3,6
170421069,2,4,5
170421070,1,2,4
170421071,1,2,6
170421072,3,5,6
170421073,2,3,6
170422001,1,2,3
170422002,1,1,4
170422003,4,5,5
170422004,1,2,4
170422005,1,2,6
170422006,1,2,4
170422007,3,4,6
170422008,2,5,5
170422009,4,5,6
170422010,2,2,6
170422011,1,2,6
170422012,4,5,6
170422013,2,5,6
170422014,2,4,6
170422015,1,4,5
170422016,2,5,6
170422017,1,2,3
170422018,2,4,5
170422019,2,3,6
170422020,2,4,5
170422021,3,3,3
170422022,4,5,5
170422023,3,4,4
170422024,1,2,5
170422025,2,5,6
170422026,3,4,4
170422027,1,5,5
170422028,3,4,4
170422029,4,5,6
170422030,2,4,6
170422031,2,3,6
170422032,2,2,5
170422033,3,4,6
170422034,2,4,6
170422035,2,3,4
170422036,3,4,4
170422037,1,4,6
170422038,3,4,4
170422039,3,4,6
170422040,4,5,6
170422041,3,5,6
170422042,2,3,4
170422043,2,4,6
170422044,3,5,6
170422045,2,4,4
170422046,1,1,3
170422047,5,6,6
170422048,2,4,5
170422049,1,3,4
170422050,1,1,3
170422051,1,1,1
170422052,5,6,6
170422053,1,1,6
170422054,1,4,6
170422055,2,4,5
170422056,4,6,6
170422057,3,4,6
170422058,5,6,6
170422059,3,4,5
170422060,1,5,5
170422061,1,3,5
170422062,1,2,3
170422063,1,5,6
170422064,3,5,5
170422065,1,4,4
170422066,2,3,4
170422067,1,2,5
170422068,1,3,4
170422069,2,3,5
170422070,1,4,4
170422071,1,2,4
170422072,1,3,6
170422073,2,3,5
170423001,2,4,6
170423002,2,6,6
170423003,1,3,6
170423004,2,3,3
170423005,1,2,4
170423006,2,2,6
170423007,2,3,4
170423008,1,3,3
170423009,2,6,6
170423010,4,5,5
170423011,4,5,6
170423012,1,3,6
170423013,1,2,3
170423014,1,3,4
170423015,1,3,3
170423016,1,1,2
170423017,4,4,5
170423018,1,1,4
170423019,2,5,5
170423020,1,6,6
170423021,2,3,3
170423022,1,5,6
170423023,1,5,6
170423024,3,6,6
170423025,1,4,6
170423026,1,2,3
170423027,1,2,3
170423028,1,2,2
170423029,1,5,6
170423030,3,5,5
170423031,1,1,2
170423032,3,5,5
170423033,1,4,6
170423034,2,3,4
170423035,3,5,6
170423036,2,3,4
170423037,3,4,5
170423038,2,4,5
170423039,3,6,6
170423040,1,2,5
170423041,1,2,2
170423042,2,4,6
170423043,3,4,6
170423044,1,1,5
170423045,2,2,6
170423046,3,4,6
170423047,1,1,3
170423048,3,6,6
170423049,1,2,4
170423050,4,5,6
170423051,2,4,5
170423052,2,3,3
170423053,2,2,3
170423054,2,3,4
170423055,3,4,5
170423056,3,4,5
170423057,2,3,4
170423058,1,4,6
170423059,1,5,6
170423060,1,3,5
170423061,2,2,5
170423062,4,4,5
170423063,3,5,5
170423064,1,2,4
170423065,4,5,5
170423066,1,1,5
170423067,3,6,6
170423068,5,5,6
170423069,4,5,5
170423070,4,5,5
170423071,1,3,6
170423072,3,4,6
170423073,4,5,5
170424001,2,2,3
170424002,1,2,6
170424003,3,3,4
170424004,1,3,3
170424005,2,3,3
170424006,1,2,6
170424007,2,3,6
170424008,2,3,5
170424009,3,3,6
170424010,2,4,5
170424011,3,4,5
170424012,1,5,6
170424013,1,1,2
170424014,2,3,6
170424015,1,5,5
170424016,4,4,4
170424017,1,2,6
170424018,1,4,4
170424019,1,3,4
170424020,3,4,6
170424021,1,4,5
170424022,3,4,4
170424023,3,3,5
170424024,1,3,6
170424025,1,6,6
170424026,1,3,3
170424027,1,2,4
170424028,3,4,6
170424029,2,2,6
170424030,2,3,6
170424031,1,4,6
170424032,3,3,4
170424033,1,3,4
170424034,2,2,3
170424035,2,4,5
170424036,1,2,6
170424037,2,2,6
170424038,1,3,6
170424039,2,2,6
170424040,5,6,6
170424041,3,4,6
170424042,3,4,6
170424043,1,5,6
170424044,2,4,6
170424045,2,2,5
170424046,1,2,6
170424047,1,2,3
170424048,4,6,6
170424049,3,3,5
170424050,5,6,6
170424051,2,3,4
170424052,1,5,6
170424053,1,5,6
170424054,4,5,6
170424055,2,2,4
170424056,1,1,3
170424057,1,2,6
170424058,1,3,6
170424059,3,3,5
170424060,3,5,6
170424061,1,4,6
170424062,1,3,4
170424063,1,3,6
170424064,3,5,5
170424065,4,5,6
170424066,2,4,4
170424067,1,4,4
170424068,6,6,6
170424069,3,4,4
170424070,1,2,5
170424071,3,5,5
170424072,1,1,5
170424073,1,2,3
170425001,6,6,6
170425002,4,4,6
170425003,3,3,6
170425004,2,4,6
170425005,1,3,5
170425006,1,1,5
170425007,3,4,5
170425008,1,1,2
170425009,4,4,4
170425010,3,4,5
170425011,1,1,6
170425012,1,4,6
170425013,3,4,6
170425014,1,4,5
170425015,2,3,4
170425016,2,5,5
170425017,4,4,5
170425018,2,2,4
170425019,1,2,3
170425020,2,4,4
170425021,5,5,6
170425022,1,4,4
170425023,1,2,4
170425024,1,2,3
170425025,1,1,5
170425026,3,5,6
170425027,1,5,5
170425028,3,4,5
170425029,1,2,4
170425030,2,3,4
170425031,1,2,3
170425032,3,4,5
170425033,2,3,5
170425034,1,3,5
170425035,4,5,6
170425036,1,3,6
170425037,2,6,6
170425038,4,6,6
170425039,3,4,6
170425040,1,2,4
170425041,3,6,6
170425042,3,5,6
170425043,2,4,6
170425044,1,5,5
170425045,1,2,4
170425046,1,1,5
170425047,1,4,4
170425048,1,2,5
170425049,2,2,6
170425050,1,2,5
170425051,2,2,3
170425052,1,3,3
170425053,1,3,4
170425054,2,5,6
170425055,1,2,2
170425056,1,1,2
170425057,3,4,6
170425058,2,5,5
170425059,3,4,6
170425060,3,4,5
170425061,5,6,6
170425062,3,4,4
170425063,1,1,2
170425064,1,2,3
170425065,2,4,4
170425066,4,5,5
170425067,2,4,5
170425068,3,6,6
170425069,1,2,5
170425070,2,3,5
170425071,3,3,6
170425072,5,6,6
170425073,2,4,4
170426001,1,6,6
170426002,2,6,6
170426003,2,2,4
170426004,1,2,2
170426005,3,4,6
170426006,2,3,6
170426007,3,5,6
170426008,3,3,5
170426009,3,4,5
170426010,1,3,4
170426011,4,4,6
170426012,1,1,3
170426013,3,4,5
170426014,3,4,4
170426015,1,1,5
170426016,1,4,5
170426017,3,4,6
170426018,3,3,6
170426019,1,3,5
170426020,2,3,3
170426021,1,5,5
170426022,2,3,4
170426023,2,3,5
170426024,2,2,6
170426025,2,2,5
170426026,2,3,3
170426027,5,5,6
170426028,6,6,6
170426029,2,3,4
170426030,1,2,6
170426031,2,2,6
170426032,1,3,5
170426033,1,3,5
170426034,1,3,6
170426035,5,6,6
170426036,1,3,4
170426037,3,4,6
170426038,2,2,4
170426039,1,2,6
170426040,1,2,5
170426041,2,3,6
170426042,3,3,6
170426043,1,2,2
170426044,1,2,6
170426045,3,6,6
170426046,2,2,4
170426047,4,4,5
170426048,1,4,5
170426049,2,4,6
170426050,1,2,5
170426051,1,1,6
170426052,1,2,4
170426053,2,4,5
170426054,1,3,6
170426055,1,3,4
170426056,1,3,6
170426057,1,2,5
170426058,1,4,5
170426059,1,1,4
170426060,2,4,6
170426061,4,4,6
170426062,1,2,6
170426063,4,5,6
170426064,3,5,5
170426065,1,2,4
170426066,1,4,5
170426067,1,4,5
170426068,1,1,3
170426069,1,3,5
170426070,2,3,4
170426071,2,2,5
170426072,2,3,4
170426073,1,2,6
170427001,2,4,6
170427002,1,4,5
170427003,2,4,6
170427004,1,3,4
170427005,2,3,5
170427006,2,3,4
170427007,3,5,5
170427008,1,3,5
170427009,4,4,6
170427010,2,2,3
170427011,1,1,3
170427012,1,4,5
170427013,1,2,2
170427014,1,5,5
170427015,1,2,6
170427016,1,3,6
170427017,2,5,6
170427018,2,4,4
170427019,1,2,3
170427020,4,5,6
170427021,2,3,4
170427022,1,3,6
170427023,5,6,6
170427024,1,4,5
170427025,4,6,6
170427026,3,4,6
170427027,1,2,6
170427028,2,3,6
170427029,4,4,5
170427030,3,5,5
170427031,3,5,6
170427032,2,2,4
170427033,1,2,2
170427034,2,2,3
170427035,2,3,4
170427036,3,6,6
170427037,2,2,6
170427038,1,2,4
170427039,2,3,5
170427040,4,5,6
170427041,2,3,5
170427042,2,2,5
170427043,2,3,5
170427044,2,4,4
170427045,1,2,2
170427046,1,4,4
170427047,3,3,6
170427048,2,5,6
170427049,3,5,6
170427050,4,5,5
170427051,2,3,5
170427052,2,3,6
170427053,1,6,6
170427054,3,5,5
170427055,1,1,4
170427056,3,5,5
170427057,4,5,6
170427058,3,5,5
170427059,4,5,6
170427060,1,3,5
170427061,4,4,5
170427062,4,4,4
170427063,1,1,2
170427064,1,2,5
170427065,3,5,6
170427066,1,4,6
170427067,2,3,4
170427068,2,5,5
170427069,2,5,5
170427070,5,6,6
170427071,1,5,6
170427072,1,1,5
170427073,1,4,5
170428001,1,3,4
170428002,2,2,6
170428003,4,6,6
170428004,1,4,4
170428005,3,3,5
170428006,5,5,6
170428007,2,3,5
170428008,2,2,2
170428009,1,3,4
170428010,2,3,4
170428011,2,3,6
170428012,3,3,6
170428013,4,4,5
170428014,3,5,6
170428015,1,2,2
170428016,2,3,4
170428017,1,1,3
170428018,2,4,6
170428019,1,2,4
170428020,1,5,6
170428021,4,4,5
170428022,4,5,6
170428023,1,2,4
170428024,2,2,4
170428025,1,4,4
170428026,1,5,6
170428027,1,2,5
170428028,3,5,6
170428029,1,1,4
170428030,3,4,5
170428031,1,3,4
170428032,5,5,6
170428033,1,2,6
170428034,2,4,5
170428035,4,4,5
170428036,1,2,5
170428037,1,1,2
170428038,3,4,6
170428039,1,2,4
170428040,1,1,6
170428041,1,1,5
170428042,1,2,3
170428043,3,3,3
170428044,4,6,6
170428045,4,4,6
170428046,1,1,5
170428047,2,3,3
170428048,3,5,5
170428049,4,5,6
170428050,1,1,4
170428051,1,2,5
170428052,2,5,5
170428053,3,4,4
170428054,1,2,2
170428055,4,4,6
170428056,2,2,3
170428057,3,5,5
170428058,1,2,6
170428059,1,3,4
170428060,3,3,6
170428061,1,2,6
170428062,3,4,5
170428063,1,3,6
170428064,3,4,6
170428065,2,4,6
170428066,3,4,6
170428067,2,2,5
170428068,1,2,4
170428069,1,2,4
170428070,2,5,6
170428071,2,4,6
170428072,1,2,6
170428073,2,2,5
170429001,1,3,5
170429002,2,2,3
170429003,1,2,3
170429004,1,4,5
170429005,1,3,6
170429006,1,4,5
170429007,1,2,3
170429008,4,5,5
170429009,2,3,5
170429010,1,3,3
170429011,2,3,5
170429012,1,2,4
170429013,1,2,4
170429014,2,4,6
170429015,2,2,5
170429016,6,6,6
170429017,3,6,6
170429018,2,4,5
170429019,2,2,5
170429020,3,4,5
170429021,3,5,6
170429022,2,2,5
170429023,3,4,6
170429024,1,3,4
170429025,5,5,6
170429026,2,5,6
170429027,2,3,6
170429028,2,3,5
170429029,2,2,4
170429030,1,2,2
170429031,2,2,3
170429032,2,2,2
170429033,2,6,6
170429034,1,4,6
170429035,1,6,6
170429036,1,4,6
170429037,2,3,5
170429038,2,6,6
170429039,3,4,6
170429040,2,2,6
170429041,1,3,6
170429042,1,1,4
170429043,4,4,5
170429044,2,5,6
170429045,2,2,5
170429046,5,6,6
170429047,1,2,3
170429048,4,5,6
170429049,2,3,6
170429050,3,4,6
170429051,2,3,3
170429052,1,2,3
170429053,1,3,6
170429054,4,4,6
170429055,1,4,6
170429056,1,5,6
170429057,2,2,6
170429058,5,5,6
170429059,1,2,4
170429060,1,5,6
170429061,2,3,6
170429062,4,4,5
170429063,1,3,5
170429064,1,2,5
170429065,1,1,5
170429066,2,3,4
170429067,2,2,6
170429068,2,3,6
170429069,4,5,6
170429070,3,3,4
170429071,1,4,5
170429072,2,5,5
170429073,2,2,5
170430001,3,3,6
170430002,1,4,6
170430003,3,4,5
170430004,4,6,6
170430005,1,3,4
170430006,2,5,6
170430007,2,2,3
170430008,2,3,3
170430009,4,5,5
170430010,3,4,4
170430011,3,4,6
170430012,4,4,5
170430013,1,6,6
170430014,2,4,5
170430015,1,5,5
170430016,1,4,4
170430017,3,5,6
170430018,2,3,5
170430019,2,2,5
170430020,1,4,6
170430021,2,3,4
170430022,2,2,3
170430023,2,3,6
170430024,3,3,4
170430025,2,3,4
170430026,2,4,5
170430027,1,4,6
170430028,1,1,6
170430029,1,3,6
170430030,1,6,6
170430031,1,2,3
170430032,2,4,6
170430033,3,4,6
170430034,4,4,5
170430035,2,2,4
170430036,1,1,3
170430037,2,4,6
170430038,1,2,3
170430039,4,5,5
170430040,2,5,6
170430041,2,5,6
170430042,2,3,5
170430043,2,3,3
170430044,1,1,4
170430045,4,4,5
170430046,5,5,5
170430047,1,3,3
170430048,1,1,3
170430049,4,5,6
170430050,5,6,6
170430051,2,5,5
170430052,1,2,5
170430053,1,3,5
170430054,2,2,3
170430055,1,4,5
170430056,3,4,5
170430057,1,5,6
170430058,2,3,3
170430059,2,4,6
170430060,1,1,3
170430061,1,2,3
170430062,1,1,2
170430063,1,1,2
170430064,1,1,1
170430065,2,2,2
170430066,3,3,4
170430067,1,5,6
170430068,4,4,5
170430069,1,2,2
170430070,4,5,5
170430071,3,3,5
170430072,1,4,5
170430073,3,4,5
170501001,1,4,4
170501002,2,6,6
170501003,1,5,6
170501004,1,3,6
170501005,1,2,4
170501006,1,5,6
170501007,1,6,6
170501008,1,2,5
170501009,2,4,6
170501010,4,4,6
170501011,1,2,5
170501012,3,3,5
170501013,2,3,6
170501014,6,6,6
170501015,2,2,5
170501016,4,6,6
170501017,1,1,6
170501018,1,2,5
170501019,1,3,4
170501020,1,3,6
170501021,3,3,5
170501022,1,3,5
170501023,4,5,6
170501024,2,2,3
170501025,2,4,5
170501026,2,4,6
170501027,1,4,6
170501028,1,3,6
170501029,2,3,3
170501030,4,5,6
170501031,1,5,5
170501032,1,5,5
170501033,1,5,6
170501034,3,4,5
170501035,1,6,6
170501036,1,3,4
170501037,1,1,5
170501038,1,2,4
170501039,1,2,3
170501040,2,3,4
170501041,1,2,4
170501042,2,3,5
170501043,1,1,6
170501044,3,4,5
170501045,1,2,4
170501046,2,4,5
170501047,2,5,6
170501048,3,3,3
170501049,1,5,6
170501050,2,3,6
170501051,1,2,6
170501052,2,6,6
170501053,3,4,4
170501054,1,2,3
170501055,2,3,6
170501056,5,6,6
170501057,1,2,6
170501058,3,5,6
170501059,1,2,3
170501060,4,4,6
170501061,4,5,6
170501062,1,2,3
170501063,5,5,6
170501064,3,4,5
170501065,1,4,4
170501066,2,5,6
170501067,1,2,5
170501068,5,6,6
170501069,2,3,5
170501070,1,2,3
170501071,3,3,6
170501072,1,6,6
170501073,2,3,6
170502001,3,4,4
170502002,2,2,2
170502003,2,4,6
170502004,1,2,2
170502005,3,4,6
170502006,2,3,3
170502007,1,5,6
170502008,4,4,4
170502009,2,3,5
170502010,2,3,4
170502011,4,5,6
170502012,5,6,6
170502013,1,4,5
170502014,1,5,6
170502015,1,3,5
170502016,4,5,5
170502017,2,3,5
170502018,2,6,6
170502019,1,2,4
170502020,2,4,6
170502021,2,2,5
170502022,2,3,5
170502023,1,1,4
170502024,2,4,6
170502025,2,5,6
170502026,2,4,5
170502027,3,6,6
170502028,1,5,6
170502029,2,3,4
170502030,2,3,3
170502031,1,1,5
170502032,3,4,5
170502033,3,3,3
170502034,1,1,1
170502035,1,1,2
170502036,1,1,5
170502037,1,1,4
170502038,3,5,6
170502039,1,5,6
170502040,1,2,4
170502041,1,2,2
170502042,1,5,6
170502043,3,3,4
170502044,1,2,3
170502045,5,6,6
170502046,2,3,5
170502047,3,4,5
170502048,3,4,4
170502049,1,3,4
170502050,3,5,6
170502051,5,6,6
170502052,1,3,3
170502053,2,3,6
170502054,2,3,4
170502055,3,3,3
170502056,1,4,6
170502057,1,4,6
170502058,1,4,5
170502059,1,2,6
170502060,1,3,5
170502061,1,2,6
170502062,3,3,5
170502063,3,4,4
170502064,2,4,4
170502065,3,4,4
170502066,2,2,4
170502067,1,2,6
170502068,1,2,6
170502069,1,4,6
170502070,4,5,5
170502071,2,2,4
170502072,1,3,5
170502073,2,5,6
170503001,3,4,6
170503002,1,3,4
170503003,1,3,5
170503004,1,4,4
170503005,3,3,6
170503006,1,5,6
170503007,3,4,6
170503008,2,5,5
170503009,3,3,6
170503010,2,3,4
170503011,2,4,5
170503012,4,5,6
170503013,1,5,6
170503014,2,3,5
170503015,1,1,3
170503016,1,2,5
170503017,2,6,6
170503018,2,4,6
170503019,1,3,6
170503020,1,2,3
170503021,1,1,4
170503022,1,1,3
170503023,2,2,5
170503024,1,1,6
170503025,2,4,6
170503026,1,1,4
170503027,1,4,5
170503028,1,6,6
170503029,4,4,6
170503030,2,2,6
170503031,1,1,4
170503032,3,4,5
170503033,1,2,6
170503034,5,5,6
170503035,1,5,6
170503036,1,1,6
170503037,4,5,5
170503038,4,4,6
170503039,2,5,6
170503040,3,5,6
170503041,3,4,4
170503042,2,3,6
170503043,1,2,5
170503044,2,3,5
170503045,3,4,5
170503046,2,3,6
170503047,3,4,4
170503048,2,4,5
170503049,2,3,4
170503050,1,3,4
170503051,1,3,5
170503052,2,2,3
170503053,2,6,6
170503054,4,5,6
170503055,3,5,6
170503056,1,6,6
170503057,1,3,5
170503058,2,3,5
170503059,3,4,4
170503060,1,5,6
170503061,2,3,3
170503062,2,5,6
170503063,4,4,5
170503064,1,1,2
170503065,2,4,6
170503066,3,5,5
170503067,1,1,3
170503068,1,3,5
170503069,1,3,6
170503070,1,3,6
170503071,2,3,4
170503072,3,3,6
170503073,3,6,6
170504001,2,3,6
170504002,4,6,6
170504003,1,3,5
170504004,2,5,6
170504005,1,1,2
170504006,2,2,5
170504007,2,4,4
170504008,5,5,5
170504009,1,3,6
170504010,3,4,5
170504011,3,5,6
170504012,2,3,5
170504013,1,1,2
170504014,1,4,5
170504015,2,4,6
170504016,1,1,2
170504017,1,2,6
170504018,4,5,6
170504019,2,3,6
170504020,1,4,6
170504021,1,2,2
170504022,1,3,4
170504023,2,2,2
170504024,3,4,5
170504025,3,4,5
170504026,2,6,6
170504027,1,3,6
170504028,1,2,2
170504029,1,3,4
170504030,1,3,4
170504031,2,6,6
170504032,5,6,6
170504033,1,1,6
170504034,1,3,6
170504035,1,3,6
170504036,1,2,4
170504037,1,3,3
170504038,3,4,5
170504039,1,3,5
170504040,1,3,3
170504041,2,4,5
170504042,2,5,5
170504043,4,4,6
170504044,4,4,5
170504045,1,2,4
170504046,4,5,6
170504047,3,5,6
170504048,2,3,6
170504049,1,3,6
170504050,1,4,6
170504051,5,5,6
170504052,5,5,5
170504053,3,4,4
170504054,1,5,6
170504055,3,4,4
170504056,3,5,5
170504057,3,3,4
170504058,1,5,5
170504059,1,2,5
170504060,4,6,6
170504061,1,1,6
170504062,2,3,4
170504063,2,3,6
170504064,3,5,5
170504065,2,2,6
170504066,3,5,5
170504067,2,4,6
170504068,1,3,5
170504069,1,1,4
170504070,1,1,6
170504071,3,5,6
170504072,1,4,4
170504073,1,4,6
170505001,3,5,6
170505002,2,2,3
170505003,4,5,6
170505004,5,5,5
170505005,2,4,4
170505006,2,3,5
170505007,4,4,6
170505008,2,2,4
170505009,1,1,4
170505010,4,4,4
170505011,2,4,6
170505012,2,4,6
170505013,2,4,5
170505014,2,3,6
170505015,2,2,2
170505016,2,4,6
170505017,2,4,6
170505018,2,4,4
170505019,1,2,3
170505020,2,3,6
170505021,2,3,5
170505022,2,2,5
170505023,2,2,6
170505024,1,3,4
170505025,1,4,4
170505026,1,2,5
170505027,1,3,6
170505028,1,4,6
170505029,3,3,5
170505030,1,2,5
170505031,2,3,6
170505032,5,6,6
170505033,1,2,3
170505034,1,1,5
170505035,2,2,5
170505036,2,4,4
170505037,2,5,5
170505038,1,4,4
170505039,1,4,6
170505040,2,2,3
170505041,2,3,6
170505042,2,5,6
170505043,4,4,6
170505044,3,4,4
170505045,3,3,4
170505046,1,2,3
170505047,3,3,5
170505048,2,2,4
170505049,4,4,6
170505050,3,3,4
170505051,3,4,5
170505052,4,4,6
170505053,1,2,5
170505054,3,5,5
170505055,1,3,6
170505056,3,6,6
170505057,2,6,6
170505058,2,2,5
170505059,2,4,5
170505060,1,1,2
170505061,3,5,5
170505062,1,1,4
170505063,1,4,5
170505064,5,6,6
170505065,1,4,6
170505066,1,3,4
170505067,1,3,4
170505068,1,3,5
170505069,2,3,4
170505070,1,2,3
170505071,2,4,4
170505072,2,3,4
170505073,1,4,4
170506001,3,3,4
170506002,3,6,6
170506003,3,4,4
170506004,1,5,6
170506005,1,1,4
170506006,1,2,2
170506007,4,6,6
170506008,1,3,5
170506009,2,5,6
170506010,2,3,6
170506011,2,3,4
170506012,1,3,4
170506013,1,3,6
170506014,1,5,5
170506015,1,2,2
170506016,1,1,1
170506017,2,3,5
170506018,4,5,5
170506019,3,3,4
170506020,1,3,4
170506021,1,3,6
170506022,1,3,6
170506023,1,3,6
170506024,1,2,4
170506025,2,4,6
170506026,1,3,5
170506027,4,5,5
170506028,2,3,5
170506029,2,2,3
170506030,1,1,6
170506031,1,1,3
170506032,1,4,6
170506033,4,5,5
170506034,3,5,6
170506035,2,2,3
170506036,1,2,5
170506037,3,6,6
170506038,2,3,5
170506039,2,4,6
170506040,3,3,3
170506041,2,3,3
170506042,3,4,5
170506043,2,5,6
170506044,4,5,5
170506045,1,2,6
170506046,4,6,6
170506047,5,5,6
170506048,4,5,6
170506049,1,2,3
170506050,1,1,4
170506051,2,2,3
170506052,2,4,6
170506053,1,4,5
170506054,1,3,5
170506055,2,3,6
170506056,1,3,6
170506057,1,2,5
170506058,4,5,6
170506059,1,1,6
170506060,3,5,5
170506061,3,3,3
170506062,1,1,5
170506063,2,3,6
170506064,2,4,6
170506065,1,3,5
170506066,2,3,6
170506067,1,3,3
170506068,1,4,5
170506069,3,6,6
170506070,1,1,3
170506071,1,2,6
170506072,2,3,3
170506073,1,4,6
170507001,3,6,6
170507002,2,3,5
170507003,1,3,6
170507004,3,4,5
170507005,1,6,6
170507006,3,5,6
170507007,2,3,5
170507008,3,5,5
170507009,1,5,6
170507010,1,1,5
170507011,3,6,6
170507012,3,4,4
170507013,2,3,6
170507014,2,4,6
170507015,4,5,5
170507016,2,5,6
170507017,1,2,5
170507018,1,6,6
170507019,4,6,6
170507020,4,5,6
170507021,2,3,6
170507022,3,3,6
170507023,1,1,4
170507024,3,5,6
170507025,4,4,5
170507026,4,5,6
170507027,2,6,6
170507028,5,6,6
170507029,4,4,6
170507030,3,6,6
170507031,1,2,5
170507032,2,2,2
170507033,1,3,4
170507034,4,4,4
170507035,3,4,5
170507036,1,1,2
170507037,1,3,5
170507038,1,4,4
170507039,1,2,5
170507040,1,5,6
170507041,1,4,4
170507042,3,3,4
170507043,2,4,4
170507044,1,1,2
170507045,2,2,6
170507046,3,3,3
170507047,1,4,5
170507048,3,4,6
170507049,1,3,5
170507050,2,2,5
170507051,3,4,6
170507052,2,2,3
170507053,3,4,4
170507054,2,2,5
170507055,1,4,6
170507056,1,2,6
170507057,1,2,6
170507058,4,5,6
170507059,2,3,6
170507060,1,1,4
170507061,1,4,6
170507062,3,4,5
170507063,1,1,6
170507064,2,3,3
170507065,4,5,5
170507066,1,3,4
170507067,2,4,6
170507068,1,1,1
170507069,1,2,4
170507070,1,2,3
170507071,2,3,4
170507072,1,2,5
170507073,3,4,5
170508001,2,4,4
170508002,1,1,2
170508003,4,4,5
170508004,1,5,6
170508005,4,4,5
170508006,2,3,3
170508007,1,4,6
170508008,1,1,4
170508009,2,3,4
170508010,1,2,5
170508011,3,4,5
170508012,1,6,6
170508013,2,3,6
170508014,3,3,5
170508015,3,3,5
170508016,1,3,3
170508017,2,6,6
170508018,1,4,5
170508019,6,6,6
170508020,1,2,4
170508021,1,2,2
170508022,2,6,6
170508023,2,3,5
170508024,3,5,6
170508025,1,2,2
170508026,2,5,5
170508027,4,5,6
170508028,2,2,6
170508029,1,4,5
170508030,2,4,5
170508031,2,5,6
170508032,2,4,6
170508033,2,3,5
170508034,2,3,4
170508035,1,3,3
170508036,3,4,5
170508037,1,5,6
170508038,1,2,3
170508039,2,4,5
170508040,2,4,5
170508041,2,3,5
170508042,5,5,6
170508043,2,3,6
170508044,2,2,5
170508045,1,1,3
170508046,2,6,6
170508047,2,2,3
170508048,5,6,6
170508049,1,4,5
170508050,2,3,5
170508051,2,4,6
170508052,3,6,6
170508053,1,2,4
170508054,1,5,6
170508055,2,5,6
170508056,1,2,5
170508057,4,5,6
170508058,3,4,6
170508059,4,5,6
170508060,2,4,6
170508061,1,1,3
170508062,1,3,3
170508063,1,3,6
170508064,2,2,4
170508065,3,3,6
170508066,1,5,6
170508067,4,4,6
170508068,1,6,6
170508069,3,3,6
170508070,1,2,2
170508071,1,3,3
170508072,2,3,6
170508073,1,3,5
170509001,1,2,2
170509002,4,5,5
170509003,1,1,6
170509004,3,4,6
170509005,1,1,2
170509006,1,3,5
170509007,1,3,5
170509008,2,6,6
170509009,1,1,4
170509010,1,3,4
170509011,1,1,5
170509012,4,4,5
170509013,2,2,5
170509014,1,1,3
170509015,1,1,2
170509016,3,4,4
170509017,1,1,6
170509018,3,5,6
170509019,4,4,4
170509020,1,3,5
170509021,3,5,5
170509022,1,2,5
170509023,1,3,3
170509024,2,3,4
170509025,1,3,6
170509026,3,5,6
170509027,2,3,3
170509028,2,4,5
170509029,1,3,6
170509030,4,4,6
170509031,4,6,6
170509032,2,2,2
170509033,2,6,6
170509034,1,1,2
170509035,1,2,3
170509036,4,5,6
170509037,3,5,5
170509038,2,4,5
170509039,2,2,2
170509040,1,4,5
170509041,1,5,6
170509042,3,3,4
170509043,1,4,5
170509044,2,3,6
170509045,1,1,2
170509046,1,1,6
170509047,2,3,6
170509048,2,6,6
170509049,4,6,6
170509050,1,3,5
170509051,3,3,5
170509052,1,1,4
170509053,4,4,6
170509054,1,3,3
170509055,2,5,5
170509056,3,5,6
170509057,4,4,6
170509058,1,2,6
170509059,3,6,6
170509060,1,6,6
170509061,1,5,6
170509062,2,4,5
170509063,1,2,6
170509064,4,5,6
170509065,3,5,5
170509066,1,2,5
170509067,2,5,5
170509068,1,5,5
170509069,2,3,4
170509070,5,6,6
170509071,2,3,4
170509072,2,3,6
170509073,3,4,4
170510001,2,3,3
170510002,4,5,6
170510003,2,6,6
170510004,2,4,5
170510005,3,5,6
170510006,1,2,4
170510007,3,4,5
170510008,2,2,4
170510009,4,5,6
170510010,1,6,6
170510011,4,5,6
170510012,1,4,4
170510013,2,2,2
170510014,2,2,6
170510015,2,2,5
170510016,2,3,5
170510017,1,4,4
170510018,5,5,6
170510019,3,4,6
170510020,3,4,6
170510021,3,4,5
170510022,1,2,6
170510023,2,2,3
170510024,2,2,6
170510025,4,4,5
170510026,1,4,5
170510027,1,2,2
170510028,2,4,5
170510029,1,3,6
170510030,1,2,5
170510031,1,4,6
170510032,3,5,6
170510033,1,2,6
170510034,3,5,5
170510035,3,6,6
170510036,1,4,5
170510037,1,4,6
170510038,1,4,6
170510039,1,2,5
170510040,3,3,6
170510041,1,3,4
170510042,2,2,3
170510043,1,2,2
170510044,1,3,5
170510045,2,6,6
170510046,4,6,6
170510047,1,2,3
170510048,1,1,3
170510049,3,4,5
170510050,4,6,6
170510051,2,3,5
170510052,2,4,5
170510053,1,3,6
170510054,4,4,4
170510055,1,2,3
170510056,2,2,5
170510057,2,4,6
170510058,3,5,6
170510059,2,4,6
170510060,2,4,6
170510061,1,1,4
170510062,1,6,6
170510063,1,2,6
170510064,2,3,3
170510065,1,6,6
170510066,1,2,5
170510067,1,4,6
170510068,1,2,5
170510069,3,3,4
170510070,3,4,5
170510071,2,2,4
170510072,1,1,3
170510073,3,3,6
170511001,2,3,4
170511002,1,1,6
170511003,2,5,6
170511004,3,5,6
170511005,2,4,5
170511006,1,6,6
170511007,3,3,3
170511008,2,5,6
170511009,1,2,4
170511010,1,3,4
170511011,4,5,6
170511012,1,4,5
170511013,5,5,6
170511014,1,3,6
170511015,1,3,5
170511016,4,5,6
170511017,3,5,6
170511018,1,3,4
170511019,2,3,6
170511020,1,5,5
170511021,3,4,5
170511022,1,1,3
170511023,1,3,4
170511024,3,6,6
170511025,6,6,6
170511026,1,5,5
170511027,1,2,3
170511028,1,6,6
170511029,2,4,5
170511030,3,5,5
170511031,3,5,5
170511032,2,5,6
170511033,1,4,5
170511034,4,4,5
170511035,1,1,4
170511036,1,3,5
170511037,2,2,6
170511038,2,3,3
170511039,2,3,5
170511040,1,3,6
170511041,2,3,6
170511042,2,5,5
170511043,2,3,4
170511044,2,2,6
170511045,3,4,6
170511046,2,3,6
170511047,1,3,4
170511048,2,5,6
170511049,1,2,6
170511050,2,5,5
170511051,2,3,4
170511052,5,5,5
170511053,1,2,2
170511054,2,2,4
170511055,2,4,6
170511056,1,4,5
170511057,1,3,3
170511058,1,4,6
170511059,1,2,3
170511060,1,4,5
170511061,2,6,6
170511062,1,1,5
170511063,2,4,4
170511064,2,5,6
170511065,1,4,6
170511066,1,3,6
170511067,2,3,3
170511068,1,5,6
170511069,1,4,6
170511070,1,6,6
170511071,4,5,5
170511072,3,4,6
170511073,2,4,6
170512001,2,2,3
170512002,1,2,2
170512003,1,2,4
170512004,4,6,6
170512005,2,3,5
170512006,2,5,6
170512007,2,3,4
170512008,1,1,5
170512009,3,5,5
170512010,1,2,5
170512011,2,4,5
170512012,1,2,6
170512013,1,2,6
170512014,3,4,5
170512015,3,4,4
170512016,1,3,4
170512017,3,3,4
170512018,2,5,5
170512019,1,4,6
170512020,1,5,5
170512021,2,2,4
170512022,1,3,6
170512023,2,3,5
170512024,1,4,6
170512025,1,5,5
170512026,1,2,6
170512027,2,4,6
170512028,1,3,5
170512029,1,3,3
170512030,1,5,6
170512031,4,6,6
170512032,3,6,6
170512033,1,2,4
170512034,2,4,6
170512035,3,5,6
170512036,1,2,3
170512037,1,2,2
170512038,1,4,5
170512039,2,4,6
170512040,1,3,4
170512041,2,3,3
170512042,1,4,5
170512043,5,5,6
170512044,2,4,5
170512045,1,2,6
170512046,1,4,4
170512047,3,4,6
170512048,1,2,3
170512049,1,4,5
170512050,3,5,6
170512051,1,1,3
170512052,2,5,5
170512053,1,4,6
170512054,3,4,6
170512055,2,3,5
170512056,1,1,3
170512057,1,5,6
170512058,1,3,4
170512059,3,5,6
170512060,1,3,4
170512061,3,5,6
170512062,1,1,2
170512063,2,3,6
170512064,1,5,6
170512065,1,2,6
170512066,1,1,2
170512067,2,2,5
170512068,1,5,6
170512069,1,2,6
170512070,4,4,4
170512071,1,1,2
170512072,1,4,4
170512073,1,1,5
170513001,1,2,5
170513002,2,3,5
170513003,1,2,5
170513004,2,4,6
170513005,3,6,6
170513006,1,2,3
170513007,1,4,6
170513008,4,5,6
170513009,1,4,4
170513010,4,5,6
170513011,4,5,5
170513012,3,3,4
170513013,2,5,6
170513014,3,5,6
170513015,1,4,6
170513016,1,2,6
170513017,3,3,5
170513018,1,5,6
170513019,3,4,6
170513020,4,5,6
170513021,1,1,5
170513022,2,2,3
170513023,3,5,6
170513024,2,3,6
170513025,2,2,6
170513026,1,3,6
170513027,2,4,5
170513028,2,2,6
170513029,2,3,5
170513030,1,2,4
170513031,2,2,4
170513032,1,1,3
170513033,2,4,6
170513034,2,4,4
170513035,1,1,4
170513036,5,6,6
170513037,3,6,6
170513038,2,3,5
170513039,1,1,4
170513040,1,2,5
170513041,2,4,5
170513042,1,2,2
170513043,1,1,4
170513044,1,1,2
170513045,1,1,4
170513046,1,3,4
170513047,2,5,5
170513048,1,3,3
170513049,1,2,4
170513050,3,5,6
170513051,1,1,4
170513052,4,5,5
170513053,1,2,2
170513054,4,4,6
170513055,2,3,5
170513056,3,5,5
170513057,3,5,6
170513058,2,2,5
170513059,1,1,6
170513060,3,3,5
170513061,1,4,6
170513062,2,3,6
170513063,1,2,2
170513064,2,4,6
170513065,4,4,6
170513066,1,2,6
170513067,1,5,6
170513068,1,3,3
170513069,2,5,6
170513070,1,4,5
170513071,3,4,4
170513072,2,3,4
170513073,1,2,6
170514001,1,1,5
170514002,5,5,6
170514003,3,4,5
170514004,1,4,6
170514005,1,3,4
170514006,1,5,5
170514007,6,6,6
170514008,1,3,6
170514009,2,2,3
170514010,4,5,5
170514011,2,3,5
170514012,1,4,5
170514013,1,4,6
170514014,1,2,5
170514015,1,5,5
170514016,2,4,4
170514017,3,3,6
170514018,3,4,4
170514019,3,3,6
170514020,2,2,3
170514021,3,4,6
170514022,3,3,6
170514023,1,3,4
170514024,4,6,6
170514025,1,2,2
170514026,1,3,6
170514027,2,3,5
170514028,3,5,6
170514029,2,3,4
170514030,2,6,6
170514031,2,4,5
170514032,1,1,6
170514033,3,4,5
170514034,1,2,2
170514035,1,1,4
170514036,1,1,5
170514037,1,2,3
170514038,3,6,6
170514039,5,6,6
170514040,1,2,3
170514041,2,3,3
170514042,2,3,6
170514043,1,2,3
170514044,1,1,2
170514045,1,2,3
170514046,3,3,5
170514047,1,2,6
170514048,1,2,5
170514049,2,2,6
170514050,2,3,4
170514051,3,4,4
170514052,2,3,5
170514053,1,4,6
170514054,3,4,5
170514055,4,5,5
170514056,3,4,5
170514057,1,1,4
170514058,1,3,3
170514059,1,2,6
170514060,3,3,6
170514061,1,1,4
170514062,1,3,5
170514063,2,5,5
170514064,2,2,3
170514065,1,3,4
170514066,2,2,3
170514067,4,6,6
170514068,3,6,6
170514069,4,4,4
170514070,1,3,6
170514071,4,4,5
170514072,1,1,1
170514073,1,3,6
170515001,2,3,6
170515002,1,4,5
170515003,1,2,5
170515004,2,2,6
170515005,3,3,4
170515006,2,2,3
170515007,2,4,5
170515008,3,3,4
170515009,1,1,4
170515010,2,4,6
170515011,1,1,6
170515012,3,4,6
170515013,4,5,5
170515014,1,3,4
170515015,4,5,6
170515016,2,5,6
170515017,2,5,6
170515018,1,2,4
170515019,1,2,6
170515020,3,4,6
170515021,1,3,4
170515022,3,3,5
170515023,2,4,6
170515024,2,3,5
170515025,1,2,2
170515026,1,6,6
170515027,3,5,6
170515028,1,3,5
170515029,3,4,6
170515030,1,1,2
170515031,1,2,4
170515032,1,1,2
170515033,1,1,5
170515034,1,2,4
170515035,2,3,5
170515036,3,3,6
170515037,1,3,6
170515038,4,5,6
170515039,1,2,6
170515040,2,2,6
170515041,1,2,2
170515042,2,6,6
170515043,3,4,5
170515044,2,4,6
170515045,4,6,6
170515046,3,3,3
170515047,2,2,4
170515048,1,1,6
170515049,2,5,6
170515050,1,3,6
170515051,1,1,3
170515052,2,6,6
170515053,1,2,3
170515054,1,1,1
170515055,2,3,3
170515056,3,4,6
170515057,2,3,4
170515058,1,4,6
170515059,4,5,5
170515060,1,3,6
170515061,2,2,3
170515062,1,3,3
170515063,2,2,5
170515064,2,4,6
170515065,1,5,5
170515066,3,4,5
170515067,2,4,5
170515068,1,3,4
170515069,2,2,2
170515070,1,5,5
170515071,5,5,6
170515072,2,4,6
170515073,4,6,6
170516001,3,3,4
170516002,2,2,4
170516003,2,3,6
170516004,1,3,5
170516005,2,3,4
170516006,4,5,6
170516007,1,6,6
170516008,2,3,6
170516009,1,3,5
170516010,1,2,5
170516011,1,5,6
170516012,1,4,6
170516013,1,4,6
170516014,3,5,6
170516015,1,3,5
170516016,1,3,6
170516017,4,4,6
170516018,2,4,5
170516019,2,2,2
170516020,1,1,4
170516021,3,6,6
170516022,1,2,5
170516023,2,4,5
170516024,1,3,4
170516025,2,3,4
170516026,5,5,6
170516027,2,3,4
170516028,1,4,6
170516029,1,3,3
170516030,4,4,6
170516031,1,1,1
170516032,4,6,6
170516033,4,5,5
170516034,1,6,6
170516035,3,3,4
170516036,3,4,6
170516037,4,5,5
170516038,1,4,6
170516039,4,4,4
170516040,2,4,6
170516041,2,3,6
170516042,1,2,4
170516043,2,2,2
170516044,1,2,5
170516045,3,3,3
170516046,2,6,6
170516047,1,1,5
170516048,1,1,4
170516049,3,4,6
170516050,2,4,5
170516051,1,2,6
170516052,1,2,6
170516053,1,3,6
170516054,1,5,5
170516055,2,4,5
170516056,3,3,6
170516057,2,3,4
170516058,1,2,6
170516059,1,4,6
170516060,1,1,3
170516061,3,4,5
170516062,3,5,5
170516063,2,4,6
170516064,4,5,6
170516065,1,2,5
170516066,4,5,5
170516067,2,5,6
170516068,2,3,5
170516069,2,3,4
170516070,1,4,6
170516071,2,2,3
170516072,1,3,4
170516073,3,5,6
170517001,4,5,6
170517002,1,2,2
170517003,5,5,6
170517004,3,5,6
170517005,3,6,6
170517006,3,3,4
170517007,2,4,6
170517008,1,1,2
170517009,3,5,5
170517010,1,5,6
170517011,1,2,5
170517012,2,3,4
170517013,3,3,5
170517014,2,3,4
170517015,1,3,5
170517016,3,5,5
170517017,1,1,1
170517018,1,3,5
170517019,2,3,4
170517020,1,1,5
170517021,1,4,5
170517022,1,1,6
170517023,1,3,5
170517024,2,2,6
170517025,1,3,5
170517026,1,1,1
170517027,4,5,6
170517028,2,3,5
170517029,2,5,6
170517030,2,3,5
170517031,1,6,6
170517032,2,3,4
170517033,1,3,4
170517034,2,5,5
170517035,3,5,6
170517036,3,5,5
170517037,2,2,4
170517038,1,3,6
170517039,4,5,6
170517040,4,4,4
170517041,2,3,4
170517042,2,3,4
170517043,1,4,5
170517044,1,5,5
170517045,2,2,4
170517046,4,4,6
170517047,1,6,6
170517048,1,1,2
170517049,1,4,5
170517050,5,6,6
170517051,2,4,5
170517052,1,1,2
170517053,3,6,6
170517054,1,2,4
170517055,1,1,5
170517056,1,2,3
170517057,3,3,5
170517058,3,3,3
170517059,1,2,3
170517060,2,2,4
170517061,3,3,5
170517062,2,2,4
170517063,1,2,4
170517064,3,4,6
170517065,1,5,6
170517066,2,3,5
170517067,1,2,4
170517068,1,3,5
170517069,3,4,5
170517070,3,4,5
170517071,2,2,4
170517072,1,2,4
170517073,1,1,2
170518001,3,5,5
170518002,3,4,5
170518003,3,3,4
170518004,1,4,4
170518005,1,3,6
170518006,1,1,2
170518007,1,3,6
170518008,4,4,5
170518009,1,2,4
170518010,4,5,5
170518011,2,4,6
170518012,3,4,6
170518013,1,1,4
170518014,3,4,6
170518015,1,2,5
170518016,5,5,5
170518017,2,3,3
170518018,2,3,3
170518019,2,5,6
170518020,3,4,6
170518021,1,4,4
170518022,1,4,6
170518023,1,3,5
170518024,2,3,6
170518025,1,3,6
170518026,2,3,3
170518027,2,3,6
170518028,2,5,6
170518029,1,3,5
170518030,1,5,6
170518031,1,3,5
170518032,2,3,3
170518033,3,4,5
170518034,4,5,5
170518035,2,3,4
170518036,2,5,6
170518037,1,2,2
170518038,2,3,4
170518039,3,4,5
170518040,1,3,6
170518041,3,4,6
170518042,1,4,6
170518043,2,3,5
170518044,3,6,6
170518045,1,2,6
170518046,1,2,3
170518047,1,6,6
170518048,1,5,6
170518049,4,4,6
170518050,1,2,3
170518051,1,4,4
170518052,4,5,6
170518053,1,4,5
170518054,1,2,3
170518055,1,4,6
170518056,1,2,4
170518057,1,2,3
170518058,2,3,4
170518059,6,6,6
170518060,2,5,6
170518061,1,5,6
170518062,4,4,6
170518063,3,4,5
170518064,1,2,6
170518065,2,2,4
170518066,1,1,4
170518067,1,2,3
170518068,1,2,6
170518069,4,6,6
170518070,1,2,2
170518071,1,4,5
170518072,2,3,6
170518073,1,5,5
170519001,1,5,6
170519002,4,4,5
170519003,1,2,4
170519004,4,4,5
170519005,2,5,5
170519006,2,6,6
170519007,5,6,6
170519008,4,4,5
170519009,1,1,1
170519010,3,5,6
170519011,1,1,5
170519012,2,4,6
170519013,1,1,5
170519014,1,2,4
170519015,2,3,4
170519016,3,4,5
170519017,1,1,3
170519018,1,1,2
170519019,1,4,4
170519020,5,6,6
170519021,2,4,5
170519022,1,2,5
170519023,1,5,6
170519024,2,3,5
170519025,3,4,6
170519026,1,2,6
170519027,1,1,4
170519028,1,2,6
170519029,2,4,5
170519030,1,2,3
170519031,1,5,5
170519032,2,2,6
170519033,3,4,6
170519034,1,3,5
170519035,1,3,6
170519036,1,1,4
170519037,1,2,2
170519038,1,3,6
170519039,4,5,6
170519040,1,3,6
170519041,2,3,6
170519042,1,3,5
170519043,2,2,5
170519044,1,4,5
170519045,2,5,6
170519046,2,2,5
170519047,2,4,6
170519048,3,3,3
170519049,2,4,5
170519050,4,4,5
170519051,2,4,5
170519052,1,3,6
170519053,2,4,6
170519054,2,3,6
170519055,1,5,5
170519056,2,2,5
170519057,1,1,5
170519058,1,2,4
170519059,1,2,3
170519060,2,4,6
170519061,2,3,6
170519062,2,3,5
170519063,1,4,6
170519064,3,4,5
170519065,3,5,6
170519066,2,2,2
170519067,2,4,5
170519068,1,5,6
170519069,1,2,5
170519070,4,4,6
170519071,4,5,6
170519072,3,6,6
170519073,1,2,5
170520001,2,2,3
170520002,4,4,6
170520003,1,3,5
170520004,1,2,3
170520005,1,1,5
170520006,2,4,4
170520007,4,4,4
170520008,1,1,4
170520009,2,3,5
170520010,5,5,6
170520011,2,2,6
170520012,3,6,6
170520013,1,3,5
170520014,3,5,6
170520015,2,3,5
170520016,1,4,6
170520017,1,4,4
170520018,3,4,6
170520019,1,2,4
170520020,2,3,5
170520021,4,4,5
170520022,1,3,4
170520023,2,3,3
170520024,2,3,6
170520025,3,3,3
170520026,1,4,4
170520027,4,5,5
170520028,1,3,4
170520029,3,4,5
170520030,2,2,6
170520031,2,5,6
170520032,2,3,4
170520033,2,4,6
170520034,2,5,5
170520035,3,5,5
170520036,2,3,5
170520037,2,2,5
170520038,3,3,4
170520039,3,5,6
170520040,1,2,4
170520041,2,2,6
170520042,3,3,3
170520043,3,4,5
170520044,1,2,2
170520045,1,1,2
170520046,1,2,4
170520047,1,2,2
170520048,3,6,6
170520049,3,5,5
170520050,3,4,5
170520051,1,2,5
170520052,1,2,6
170520053,1,2,4
170520054,1,6,6
170520055,4,5,5
170520056,3,3,6
170520057,4,5,6
170520058,2,3,4
170520059,4,5,6
170520060,4,6,6
170520061,2,4,6
170520062,2,4,6
170520063,3,6,6
170520064,4,5,5
170520065,4,5,5
170520066,1,3,5
170520067,2,4,6
170520068,1,1,3
170520069,4,5,6
170520070,1,1,2
170520071,1,1,6
170520072,3,4,6
170520073,2,3,6
170521001,1,3,3
170521002,3,4,6
170521003,2,2,6
170521004,4,5,5
170521005,3,3,6
170521006,1,5,5
170521007,2,4,6
170521008,1,4,6
170521009,1,2,3
170521010,1,1,3
170521011,2,4,5
170521012,2,4,5
170521013,5,5,6
170521014,1,5,5
170521015,1,3,4
170521016,2,2,4
170521017,1,2,6
170521018,2,4,5
170521019,1,2,3
170521020,3,3,3
170521021,1,3,6
170521022,5,6,6
170521023,5,5,6
170521024,1,3,6
170521025,2,2,6
170521026,1,3,6
170521027,2,5,6
170521028,2,5,5
170521029,2,2,5
170521030,1,2,5
170521031,1,2,6
170521032,1,3,6
170521033,2,5,6
170521034,4,5,6
170521035,1,4,6
170521036,2,2,4
170521037,1,1,4
170521038,1,2,3
170521039,1,3,6
170521040,3,4,5
170521041,1,1,5
170521042,1,3,5
170521043,2,4,6
170521044,1,1,5
170521045,1,1,6
170521046,2,3,6
170521047,2,4,5
170521048,1,5,5
170521049,4,5,6
170521050,1,2,6
170521051,4,5,5
170521052,1,2,5
170521053,1,1,4
170521054,2,4,5
170521055,3,3,6
170521056,3,5,6
170521057,2,3,6
170521058,1,1,2
170521059,2,4,5
170521060,1,2,2
170521061,2,4,6
170521062,1,4,6
170521063,2,3,4
170521064,2,2,2
170521065,1,3,5
170521066,3,3,5
170521067,2,2,5
170521068,1,3,5
170521069,2,2,4
170521070,3,3,4
170521071,2,2,3
170521072,1,6,6
170521073,1,2,5
170522001,3,5,6
170522002,2,4,6
170522003,1,4,5
170522004,1,2,2
170522005,2,3,4
170522006,2,4,6
170522007,3,3,6
170522008,3,4,6
170522009,1,2,3
170522010,1,3,5
170522011,3,6,6
170522012,3,4,5
170522013,3,4,4
170522014,1,1,5
170522015,1,3,5
170522016,1,3,4
170522017,1,1,2
170522018,2,3,4
170522019,4,4,6
170522020,2,4,6
170522021,1,6,6
170522022,4,5,6
170522023,3,5,6
170522024,3,6,6
170522025,3,4,5
170522026,4,5,5
170522027,3,4,6
170522028,3,5,6
170522029,5,6,6
170522030,2,5,5
170522031,1,2,4
170522032,3,4,6
170522033,4,4,6
170522034,1,4,4
170522035,4,4,6
170522036,2,2,3
170522037,2,4,5
170522038,1,5,5
170522039,2,3,4
170522040,4,5,6
170522041,1,2,4
170522042,2,4,6
170522043,6,6,6
170524001,2,4,5
170524002,3,4,5
170524003,2,4,6
170524004,2,2,6
170524005,1,2,5
170524006,1,3,6
170524007,2,2,2
170524008,2,5,5
170524009,2,4,5
170524010,3,4,6
170524011,1,4,6
170524012,2,2,3
170524013,1,2,5
170524014,1,6,6
170524015,3,4,5
170524016,5,6,6
170524017,1,6,6
170524018,1,3,5
170524019,1,4,6
170524020,3,4,5
170524021,3,6,6
170524022,1,2,4
170524023,3,6,6
170524024,4,6,6
170524025,1,2,3
170524026,1,2,5
170524027,1,2,3
170524028,1,2,5
170524029,5,5,6
170524030,1,4,5
170524031,4,6,6
170524032,1,4,5
170524033,2,5,5
170524034,5,5,6
170524035,1,2,6
170524036,1,2,4
170524037,2,5,6
170524038,1,1,4
170524039,1,3,6
170524040,3,6,6
170524041,1,3,5
170524042,3,3,6
170524043,2,3,6
170524044,1,2,4
170524045,2,2,2
170524046,2,2,6
170524047,3,5,6
170524048,2,3,5
170524049,1,2,3
170524050,2,4,6
170524051,1,2,6
170524052,2,5,6
170524053,1,5,6
170524054,2,3,4
170524055,1,2,5
170524056,1,3,5
170524057,4,4,6
170524058,2,5,6
170524059,1,1,2
170524060,2,6,6
170524061,1,2,5
170524062,1,3,6
170524063,1,2,6
170524064,5,5,6
170524065,2,4,5
170524066,1,6,6
170524067,1,1,2
170524068,1,3,4
170524069,3,4,6
170524070,3,3,6
170524071,3,4,6
170524072,2,4,6
170524073,1,4,6
170525001,1,1,3
170525002,1,2,4
170525003,1,1,2
170525004,1,3,6
170525005,1,2,4
170525006,3,4,6
170525007,2,5,6
170525008,2,2,2
170525009,5,6,6
170525010,1,4,5
170525011,2,5,6
170525012,2,6,6
170525013,5,5,6
170525014,2,2,3
170525015,1,1,6
170525016,1,2,5
170525017,1,3,5
170525018,3,5,6
170525019,2,2,5
170525020,2,4,5
170525021,2,5,6
170525022,1,5,6
170525023,1,4,6
170525024,1,4,6
170525025,3,4,6
170525026,1,2,3
170525027,1,2,5
170525028,1,2,6
170525029,2,4,6
170525030,2,3,4
170525031,1,2,3
170525032,1,4,6
170525033,1,5,6
170525034,2,4,4
170525035,1,3,4
170525036,1,2,3
170525037,1,6,6
170525038,2,4,5
170525039,1,4,6
170525040,3,4,4
170525041,1,2,5
170525042,2,4,4
170525043,3,4,4
170525044,3,3,6
170525045,2,4,6
170525046,1,5,6
170525047,2,2,4
170525048,3,3,3
170525049,2,2,3
170525050,1,2,5
170525051,4,5,5
170525052,5,5,6
170525053,2,2,6
170525054,1,1,6
170525055,1,4,5
170525056,3,4,4
170525057,2,3,6
170525058,1,5,6
170525059,3,3,3
170525060,2,2,6
170525061,4,4,5
170525062,4,5,5
170525063,3,5,6
170525064,2,3,4
170525065,2,3,5
170525066,1,1,4
170525067,2,2,4
170525068,1,3,5
170525069,4,4,6
170525070,2,3,6
170525071,1,4,4
170525072,1,4,5
170525073,2,2,3
170526001,1,2,2
170526002,1,4,6
170526003,3,6,6
170526004,4,4,6
170526005,2,3,3
170526006,2,3,3
170526007,1,3,6
170526008,2,3,6
170526009,3,3,4
170526010,1,1,6
170526011,2,4,6
170526012,1,4,6
170526013,2,2,2
170526014,3,4,6
170526015,3,5,6
170526016,1,3,5
170526017,2,2,6
170526018,1,3,4
170526019,3,4,6
170526020,1,4,5
170526021,1,1,5
170526022,1,3,5
170526023,1,1,2
170526024,1,2,2
170526025,2,4,6
170526026,1,2,6
170526027,1,1,4
170526028,1,1,6
170526029,2,3,4
170526030,1,4,6
170526031,1,3,3
170526032,1,5,6
170526033,1,3,5
170526034,2,3,5
170526035,6,6,6
170526036,1,4,6
170526037,1,1,6
170526038,3,3,5
170526039,1,5,5
170526040,2,2,6
170526041,5,5,6
170526042,1,3,5
170526043,2,2,3
170526044,1,3,5
170526045,1,1,3
170526046,1,4,6
170526047,2,4,4
170526048,2,3,5
170526049,3,4,5
170526050,1,3,4
170526051,3,3,5
170526052,2,3,5
170526053,1,3,4
170526054,2,2,4
170526055,1,1,6
170526056,1,6,6
170526057,1,2,5
170526058,4,6,6
170526059,1,1,5
170526060,2,3,5
170526061,3,4,4
170526062,1,3,6
170526063,1,3,5
170526064,3,6,6
170526065,2,2,5
170526066,2,5,5
170526067,1,1,2
170526068,3,5,6
170526069,2,5,6
170526070,2,2,3
170526071,2,2,3
170526072,2,3,5
170526073,2,2,5
170527001,4,5,6
170527002,2,5,5
170527003,1,5,6
170527004,3,6,6
170527005,1,2,3
170527006,1,1,5
170527007,4,5,6
170527008,4,6,6
170527009,4,4,5
170527010,3,6,6
170527011,3,4,6
170527012,3,4,6
170527013,1,3,5
170527014,1,5,6
170527015,3,4,6
170527016,2,4,5
170527017,1,1,6
170527018,2,4,6
170527019,2,2,6
170527020,1,6,6
170527021,2,4,4
170527022,1,2,3
170527023,2,5,5
170527024,1,4,4
170527025,1,2,5
170527026,2,5,5
170527027,1,2,4
170527028,1,2,5
170527029,3,3,4
170527030,3,5,6
170527031,2,3,4
170527032,3,4,5
170527033,2,3,6
170527034,1,4,4
170527035,2,5,5
170527036,2,4,6
170527037,3,3,4
170527038,2,4,5
170527039,3,4,6
170527040,3,4,6
170527041,2,6,6
170527042,1,1,5
170527043,2,4,6
170527044,1,3,5
170527045,1,4,6
170527046,2,2,5
170527047,2,3,5
170527048,1,5,6
170527049,3,5,6
170527050,1,3,5
170527051,2,2,5
170527052,2,4,5
170527053,2,4,5
170527054,3,5,6
170527055,1,2,3
170527056,5,5,6
170527057,5,5,6
170527058,4,5,6
170527059,1,1,2
170527060,1,1,2
170527061,1,3,6
170527062,1,2,4
170527063,1,1,2
170527064,1,1,4
170527065,4,5,6
170527066,3,5,5
170527067,1,3,4
170527068,1,1,5
170527069,2,5,6
170527070,3,4,4
170527071,2,5,5
170527072,1,3,6
170527073,1,1,2
170528001,4,5,6
170528002,1,5,6
170528003,4,5,5
170528004,1,1,6
170528005,1,4,5
170528006,2,2,4
170528007,2,2,4
170528008,3,4,5
170528009,3,4,6
170528010,2,3,5
170528011,3,4,4
170528012,1,3,4
170528013,3,4,6
170528014,3,4,4
170528015,3,4,4
170528016,4,5,6
170528017,1,5,6
170528018,1,4,6
170528019,2,3,6
170528020,1,6,6
170528021,4,6,6
170528022,2,2,4
170528023,1,5,6
170528024,2,3,4
170528025,3,5,5
170528026,1,1,6
170528027,1,1,2
170528028,2,4,5
170528029,3,4,5
170528030,2,5,6
170528031,3,4,4
170528032,2,5,5
170528033,1,2,6
170528034,2,4,4
170528035,1,2,3
170528036,2,5,5
170528037,2,3,6
170528038,5,5,5
170528039,2,5,6
170528040,4,5,6
170528041,3,4,4
170528042,3,3,3
170528043,1,2,6
170528044,1,5,6
170528045,1,3,3
170528046,4,6,6
170528047,1,1,5
170528048,3,6,6
170528049,1,1,5
170528050,2,5,6
170528051,1,3,4
170528052,5,5,5
170528053,2,5,6
170528054,2,4,6
170528055,2,6,6
170528056,1,2,5
170528057,2,3,5
170528058,1,3,5
170528059,1,4,5
170528060,3,4,6
170528061,1,1,4
170528062,3,4,5
170528063,1,2,5
170528064,2,3,3
170528065,2,3,3
170528066,1,4,4
170528067,3,4,5
170528068,3,4,6
170528069,1,3,5
170528070,1,3,5
170528071,1,2,5
170528072,1,4,5
170528073,1,3,6
170529001,2,2,4
170529002,1,2,3
170529003,3,4,5
170529004,3,3,6
170529005,1,2,6
170529006,2,3,5
170529007,1,2,5
170529008,2,3,6
170529009,1,4,6
170529010,1,4,4
170529011,1,1,3
170529012,2,5,6
170529013,1,3,5
170529014,3,4,5
170529015,1,4,6
170529016,2,2,6
170529017,1,2,4
170529018,1,3,3
170529019,2,4,5
170529020,4,4,5
170529021,2,2,6
170529022,1,4,6
170529023,2,3,6
170529024,1,3,6
170529025,1,2,6
170529026,1,2,2
170529027,4,4,4
170529028,2,6,6
170529029,2,4,5
170529030,2,4,5
170529031,3,3,3
170529032,1,4,5
170529033,3,3,5
170529034,1,3,4
170529035,4,5,6
170529036,2,4,6
170529037,2,2,6
170529038,3,4,4
170529039,2,4,6
170529040,2,4,5
170529041,2,4,6
170529042,2,4,6
170529043,2,4,5
170529044,1,2,3
170529045,1,2,3
170529046,3,4,4
170529047,2,5,5
170529048,3,3,4
170529049,2,2,5
170529050,3,5,5
170529051,4,5,5
170529052,4,5,5
170529053,1,3,6
170529054,4,5,6
170529055,1,2,6
170529056,2,6,6
170529057,1,4,5
170529058,1,2,5
170529059,1,2,5
170529060,1,1,1
170529061,2,2,6
170529062,1,6,6
170529063,2,6,6
170529064,1,3,3
170529065,2,5,5
170529066,3,4,4
170529067,4,6,6
170529068,2,4,6
170529069,4,4,6
170529070,4,6,6
170529071,5,6,6
170529072,2,3,4
170529073,2,4,4
170530001,1,2,4
170530002,3,4,6
170530003,1,5,6
170530004,2,3,4
170530005,4,6,6
170530006,1,4,6
170530007,2,4,6
170530008,2,3,6
170530009,3,5,6
170530010,2,4,5
170530011,2,3,6
170530012,1,2,5
170530013,2,3,3
170530014,1,4,5
170530015,2,5,6
170530016,1,2,4
170530017,1,2,5
170530018,1,2,3
170530019,3,6,6
170530020,2,3,3
170530021,1,1,4
170530022,3,4,5
170530023,1,2,4
170530024,2,3,3
170530025,2,6,6
170530026,2,4,5
170530027,2,2,4
170530028,1,1,3
170530029,2,5,5
170530030,1,1,5
170530031,2,4,5
170530032,3,4,6
170530033,1,5,5
170530034,2,6,6
170530035,2,4,5
170530036,3,3,4
170530037,4,6,6
170530038,1,6,6
170530039,1,1,6
170530040,1,2,4
170530041,1,1,2
170530042,2,4,5
170530043,2,4,5
170530044,1,4,4
170530045,2,4,5
170530046,4,5,5
170530047,2,2,5
170530048,1,4,4
170530049,5,5,5
170530050,3,4,5
170530051,5,6,6
170530052,2,3,6
170530053,2,4,4
170530054,2,3,5
170530055,5,5,6
170530056,2,4,5
170530057,2,4,5
170530058,3,3,5
170530059,3,4,6
170530060,1,2,5
170530061,4,5,6
170530062,1,2,4
170530063,1,6,6
170530064,2,3,5
170530065,2,4,6
170530066,3,4,6
170530067,2,3,5
170530068,4,5,6
170530069,3,4,5
170530070,2,3,3
170530071,2,2,4
170530072,3,4,6
170530073,1,2,4
170531001,5,6,6
170531002,2,3,5
170531003,2,3,6
170531004,3,5,5
170531005,5,6,6
170531006,5,5,6
170531007,2,4,5
170531008,3,4,6
170531009,3,3,6
170531010,5,6,6
170531011,3,5,6
170531012,4,5,6
170531013,2,2,4
170531014,2,2,3
170531015,5,5,6
170531016,2,3,5
170531017,1,3,3
170531018,1,3,6
170531019,1,4,6
170531020,2,2,5
170531021,1,1,3
170531022,3,5,6
170531023,2,3,4
170531024,1,1,2
170531025,1,4,5
170531026,1,2,5
170531027,2,2,3
170531028,1,6,6
170531029,1,1,2
170531030,1,5,6
170531031,2,4,5
170531032,2,3,5
170531033,1,4,6
170531034,1,3,4
170531035,2,6,6
170531036,1,4,5
170531037,2,2,4
170531038,2,2,3
170531039,1,3,6
170531040,1,1,2
170531041,3,4,4
170531042,1,3,6
170531043,3,3,5
170531044,1,3,6
170531045,3,4,6
170531046,4,5,6
170531047,1,4,6
170531048,2,3,5
170531049,4,6,6
170531050,1,3,4
170531051,1,3,3
170531052,1,2,6
170531053,2,5,5
170531054,1,2,5
170531055,1,1,5
170531056,2,6,6
170531057,2,4,4
170531058,1,3,5
170531059,2,2,6
170531060,4,4,6
170531061,2,4,6
170531062,1,6,6
170531063,1,2,3
170531064,3,4,6
170531065,2,2,3
170531066,2,3,5
170531067,1,5,5
170531068,1,4,5
170531069,3,6,6
170531070,3,3,4
170531071,2,5,6
170531072,1,1,3
170531073,3,6,6
170601001,1,4,6
170601002,4,6,6
170601003,1,4,5
170601004,2,3,5
170601005,2,4,5
170601006,2,5,6
170601007,1,6,6
170601008,1,2,4
170601009,1,5,6
170601010,1,2,5
170601011,3,5,5
170601012,1,2,6
170601013,2,4,6
170601014,1,5,6
170601015,3,4,5
170601016,1,3,6
170601017,1,4,6
170601018,2,6,6
170601019,3,5,6
170601020,2,5,6
170601021,2,5,6
170601022,1,1,3
170601023,2,3,5
170601024,1,2,2
170601025,2,2,3
170601026,1,4,4
170601027,1,2,3
170601028,2,5,5
170601029,3,6,6
170601030,4,6,6
170601031,3,5,6
170601032,1,1,6
170601033,3,4,4
170601034,3,3,6
170601035,1,1,3
170601036,1,5,5
170601037,2,3,3
170601038,1,4,5
170601039,1,3,5
170601040,1,5,6
170601041,2,2,2
170601042,3,3,5
170601043,1,2,5
170601044,1,4,6
170601045,1,2,3
170601046,2,3,5
170601047,4,4,4
170601048,2,3,4
170601049,3,3,4
170601050,1,3,5
170601051,3,4,5
170601052,2,2,6
170601053,5,5,5
170601054,2,4,6
170601055,1,5,6
170601056,2,2,5
170601057,1,2,3
170601058,3,5,6
170601059,1,4,5
170601060,2,5,5
170601061,1,3,6
170601062,2,6,6
170601063,3,6,6
170601064,1,1,4
170601065,1,4,6
170601066,4,5,6
170601067,2,2,4
170601068,1,1,2
170601069,1,5,6
170601070,5,5,6
170601071,3,4,6
170601072,1,5,6
170601073,2,5,6
170602001,1,3,5
170602002,2,3,3
170602003,5,6,6
170602004,4,5,6
170602005,2,4,5
170602006,1,2,4
170602007,3,5,6
170602008,2,4,5
170602009,1,1,4
170602010,1,2,5
170602011,1,4,4
170602012,4,5,6
170602013,1,2,2
170602014,1,1,6
170602015,2,4,5
170602016,3,5,6
170602017,1,2,2
170602018,1,5,5
170602019,4,5,6
170602020,5,6,6
170602021,2,4,5
170602022,3,4,6
170602023,1,5,6
170602024,5,5,6
170602025,2,5,6
170602026,3,5,5
170602027,3,5,5
170602028,3,5,6
170602029,2,4,5
170602030,1,3,3
170602031,1,3,4
170602032,2,3,5
170602033,3,4,6
170602034,2,4,5
170602035,4,5,6
170602036,2,3,3
170602037,3,3,5
170602038,2,5,6
170602039,5,6,6
170602040,1,3,5
170602041,1,1,4
170602042,2,3,6
170602043,1,3,5
170602044,1,6,6
170602045,4,4,5
170602046,1,3,5
170602047,2,2,4
170602048,1,1,2
170602049,3,4,5
170602050,3,3,5
170602051,1,2,3
170602052,2,3,6
170602053,2,4,5
170602054,2,3,5
170602055,1,5,5
170602056,3,4,5
170602057,2,3,3
170602058,3,4,6
170602059,1,4,5
170602060,2,6,6
170602061,2,2,6
170602062,2,3,5
170602063,1,3,5
170602064,2,5,6
170602065,4,5,5
170602066,1,2,3
170602067,1,3,5
170602068,4,4,4
170602069,2,2,5
170602070,3,4,4
170602071,1,2,5
170602072,3,6,6
170602073,1,1,3
170603001,1,2,4
170603002,1,3,4
170603003,2,2,4
170603004,1,2,4
170603005,3,5,6
170603006,2,3,6
170603007,1,5,6
170603008,3,4,4
170603009,1,4,4
170603010,1,3,5
170603011,3,4,5
170603012,2,3,4
170603013,4,4,5
170603014,2,5,6
170603015,1,1,1
170603016,1,5,6
170603017,3,3,5
170603018,1,5,5
170603019,1,2,4
170603020,3,5,6
170603021,2,3,3
170603022,1,4,6
170603023,3,4,5
170603024,2,3,4
170603025,1,2,3
170603026,1,3,5
170603027,1,1,2
170603028,1,1,1
170603029,2,4,6
170603030,2,4,4
170603031,1,1,5
170603032,2,2,4
170603033,1,5,5
170603034,1,2,2
170603035,1,6,6
170603036,2,2,6
170603037,1,1,6
170603038,2,4,5
170603039,1,2,5
170603040,1,3,6
170603041,4,4,5
170603042,1,3,6
170603043,4,4,6
170603044,2,2,5
170603045,1,2,2
170603046,3,3,5
170603047,4,6,6
170603048,1,2,3
170603049,2,4,4
170603050,3,4,6
170603051,2,5,5
170603052,1,3,4
170603053,1,4,6
170603054,1,4,6
170603055,2,4,4
170603056,3,5,5
170603057,2,4,5
170603058,2,2,4
170603059,1,6,6
170603060,2,4,6
170603061,1,4,4
170603062,2,5,6
170603063,1,2,6
170603064,1,3,4
170603065,1,2,6
170603066,3,6,6
170603067,5,5,6
170603068,3,4,4
170603069,3,5,6
170603070,2,2,3
170603071,1,2,5
170603072,2,3,5
170603073,1,2,5
170604001,1,3,6
170604002,3,4,6
170604003,2,3,6
170604004,3,5,5
170604005,2,3,4
170604006,2,4,5
170604007,4,5,5
170604008,1,4,4
170604009,1,2,6
170604010,1,1,4
170604011,2,3,3
170604012,1,1,6
170604013,1,2,3
170604014,2,4,6
170604015,2,4,5
170604016,4,4,6
170604017,1,4,5
170604018,1,2,5
170604019,4,5,5
170604020,3,4,5
170604021,2,5,5
170604022,3,4,4
170604023,1,4,4
170604024,1,4,6
170604025,2,4,5
170604026,1,2,3
170604027,4,5,6
170604028,2,5,6
170604029,2,3,5
170604030,2,3,5
170604031,3,6,6
170604032,3,5,5
170604033,4,6,6
170604034,1,4,5
170604035,1,3,5
170604036,2,2,3
170604037,2,4,5
170604038,2,2,2
170604039,1,5,5
170604040,2,2,4
170604041,2,2,2
170604042,3,3,5
170604043,1,3,4
170604044,1,3,5
170604045,2,4,5
170604046,3,4,6
170604047,2,4,6
170604048,2,2,5
170604049,4,4,5
170604050,3,5,6
170604051,2,2,6
170604052,2,4,6
170604053,1,2,5
170604054,1,2,5
170604055,3,3,4
170604056,4,4,4
170604057,2,4,6
170604058,4,5,6
170604059,2,4,6
170604060,1,2,5
170604061,3,4,4
170604062,1,2,4
170604063,3,3,4
170604064,3,5,6
170604065,1,3,5
170604066,2,4,4
170604067,1,2,6
170604068,1,6,6
170604069,3,3,5
170604070,2,2,5
170604071,2,4,5
170604072,1,4,4
170604073,2,2,5
170605001,1,3,6
170605002,3,3,5
170605003,1,2,2
170605004,2,2,3
170605005,3,3,4
170605006,6,6,6
170605007,4,4,6
170605008,1,2,4
170605009,4,5,5
170605010,1,2,4
170605011,2,4,5
170605012,2,4,6
170605013,1,3,5
170605014,5,6,6
170605015,4,4,4
170605016,2,4,6
170605017,1,2,6
170605018,2,6,6
170605019,3,3,4
170605020,1,2,6
170605021,3,3,5
170605022,2,2,6
170605023,2,4,6
170605024,2,4,6
170605025,6,6,6
170605026,4,5,5
170605027,2,3,5
170605028,3,5,6
170605029,2,2,3
170605030,2,2,5
170605031,2,4,4
170605032,2,2,5
170605033,3,5,6
170605034,3,3,6
170605035,2,4,6
170605036,3,5,6
170605037,4,5,5
170605038,4,4,5
170605039,1,5,6
170605040,4,5,6
170605041,2,3,6
170605042,3,3,3
170605043,1,2,4
170605044,3,3,6
170605045,3,4,4
170605046,2,4,4
170605047,1,1,4
170605048,4,5,6
170605049,1,2,5
170605050,3,5,5
170605051,2,6,6
170605052,1,1,1
170605053,1,3,6
170605054,2,2,2
170605055,1,1,2
170605056,4,4,6
170605057,1,5,6
170605058,1,3,5
170605059,1,2,5
170605060,4,5,6
170605061,2,4,5
170605062,2,3,5
170605063,4,6,6
170605064,2,4,4
170605065,2,5,6
170605066,3,4,4
170605067,2,5,6
170605068,1,1,4
170605069,1,2,5
170605070,3,5,6
170605071,2,3,4
170605072,3,3,4
170605073,2,6,6
170606001,1,1,4
170606002,4,5,6
170606003,2,2,6
170606004,1,2,3
170606005,1,3,6
170606006,1,2,2
170606007,2,3,5
170606008,1,4,5
170606009,2,5,6
170606010,1,1,5
170606011,3,5,6
170606012,2,4,5
170606013,3,6,6
170606014,2,2,6
170606015,2,3,5
170606016,5,6,6
170606017,2,2,3
170606018,4,5,5
170606019,4,4,5
170606020,1,1,5
170606021,1,4,5
170606022,1,3,6
170606023,2,4,6
170606024,2,4,5
170606025,1,1,6
170606026,2,5,5
170606027,1,2,5
170606028,1,1,4
170606029,2,4,6
170606030,2,3,4
170606031,1,1,3
170606032,1,2,2
170606033,1,3,3
170606034,1,6,6
170606035,1,1,2
170606036,3,5,6
170606037,2,3,4
170606038,2,2,6
170606039,3,3,5
170606040,1,5,6
170606041,3,5,6
170606042,1,1,3
170606043,3,3,3
170606044,5,5,5
170606045,1,2,3
170606046,4,5,5
170606047,2,4,5
170606048,1,6,6
170606049,1,1,2
170606050,3,3,5
170606051,4,5,6
170606052,3,4,6
170606053,2,6,6
170606054,1,5,6
170606055,1,2,6
170606056,3,6,6
170606057,1,3,6
170606058,2,5,5
170606059,2,3,6
170606060,1,2,2
170606061,1,4,6
170606062,1,4,6
170606063,1,3,6
170606064,1,2,4
170606065,1,2,4
170606066,2,3,6
170606067,1,2,5
170606068,1,4,5
170606069,1,1,1
170606070,3,6,6
170606071,1,3,3
170606072,1,2,6
170606073,1,5,6
170607001,2,2,6
170607002,1,2,4
170607003,3,4,6
170607004,3,5,6
170607005,1,1,2
170607006,4,5,6
170607007,3,3,4
170607008,1,5,6
170607009,3,3,6
170607010,1,3,3
170607011,1,3,5
170607012,1,3,5
170607013,1,4,4
170607014,1,4,5
170607015,3,3,4
170607016,2,2,3
170607017,2,3,3
170607018,1,2,3
170607019,1,3,5
170607020,2,3,4
170607021,4,5,5
170607022,1,2,4
170607023,2,4,4
170607024,1,2,4
170607025,3,5,5
170607026,1,2,6
170607027,2,3,6
170607028,1,2,4
170607029,1,2,4
170607030,4,6,6
170607031,2,3,4
170607032,3,6,6
170607033,1,3,5
170607034,3,4,5
170607035,1,3,6
170607036,1,1,3
170607037,1,6,6
170607038,3,4,4
170607039,1,3,6
170607040,1,4,5
170607041,2,3,4
170607042,3,3,4
170607043,1,3,4
170607044,1,4,4
170607045,5,6,6
170607046,1,2,3
170607047,1,3,4
170607048,1,2,4
170607049,1,3,5
170607050,2,5,6
170607051,2,2,4
170607052,2,3,6
170607053,2,5,6
170607054,5,6,6
170607055,1,2,2
170607056,1,4,6
170607057,1,3,5
170607058,1,1,4
170607059,1,2,5
170607060,3,5,6
170607061,3,4,5
170607062,2,6,6
170607063,3,5,6
170607064,3,4,5
170607065,3,3,4
170607066,1,4,5
170607067,3,5,6
170607068,2,2,3
170607069,2,2,3
170607070,1,2,5
170607071,3,3,6
170607072,1,3,6
170607073,2,2,6
170608001,2,3,6
170608002,3,3,5
170608003,3,6,6
170608004,3,6,6
170608005,3,6,6
170608006,4,4,4
170608007,1,2,2
170608008,1,2,6
170608009,2,5,6
170608010,1,3,4
170608011,1,3,5
170608012,1,2,4
170608013,1,1,5
170608014,1,2,3
170608015,4,4,6
170608016,2,5,6
170608017,1,1,6
170608018,2,3,4
170608019,1,2,5
170608020,2,5,5
170608021,2,4,4
170608022,2,3,5
170608023,2,4,5
170608024,4,5,6
170608025,2,2,4
170608026,5,5,6
170608027,3,4,6
170608028,2,2,5
170608029,3,5,6
170608030,3,4,5
170608031,3,4,5
170608032,3,4,5
170608033,2,4,6
170608034,1,6,6
170608035,2,3,6
170608036,4,4,6
170608037,4,5,6
170608038,1,4,5
170608039,2,6,6
170608040,2,5,5
170608041,1,6,6
170608042,2,4,5
170608043,3,4,5
170608044,1,1,3
170608045,1,5,6
170608046,1,3,4
170608047,4,5,6
170608048,4,5,6
170608049,1,2,3
170608050,1,3,3
170608051,1,5,5
170608052,4,6,6
170608053,2,2,6
170608054,3,3,6
170608055,2,5,6
170608056,4,6,6
170608057,3,4,6
170608058,4,4,6
170608059,2,6,6
170608060,4,5,5
170608061,1,4,6
170608062,1,1,2
170608063,1,4,6
170608064,2,2,3
170608065,1,2,5
170608066,1,1,2
170608067,1,3,4
170608068,2,4,4
170608069,3,3,4
170608070,1,1,3
170608071,4,4,5
170608072,1,3,3
170608073,4,4,5
170609001,4,6,6
170609002,3,3,5
170609003,2,3,5
170609004,3,5,5
170609005,3,4,4
170609006,2,3,3
170609007,5,5,6
170609008,4,5,6
170609009,4,6,6
170609010,2,3,6
170609011,5,6,6
170609012,1,5,6
170609013,3,3,5
170609014,1,2,6
170609015,2,2,3
170609016,2,3,6
170609017,1,4,6
170609018,2,5,6
170609019,1,2,6
170609020,4,4,4
170609021,1,5,5
170609022,1,3,4
170609023,4,5,6
170609024,5,6,6
170609025,1,1,3
170609026,1,1,6
170609027,2,5,6
170609028,1,4,6
170609029,1,2,5
170609030,1,5,6
170609031,1,5,6
170609032,2,4,6
170609033,4,5,5
170609034,2,4,6
170609035,4,4,6
170609036,2,3,5
170609037,3,3,4
170609038,2,2,4
170609039,1,1,3
170609040,1,2,4
170609041,1,3,4
170609042,2,2,3
170609043,1,5,6
170609044,3,4,6
170609045,1,2,4
170609046,4,4,6
170609047,1,3,5
170609048,2,3,6
170609049,1,3,3
170609050,4,5,5
170609051,1,2,3
170609052,1,1,5
170609053,4,6,6
170609054,1,3,4
170609055,2,4,6
170609056,1,3,4
170609057,2,6,6
170609058,2,4,5
170609059,2,3,6
170609060,1,1,1
170609061,2,4,6
170609062,1,3,5
170609063,1,4,6
170609064,3,3,4
170609065,2,4,5
170609066,2,3,5
170609067,1,2,6
170609068,1,3,5
170609069,1,3,5
170609070,3,4,6
170609071,3,3,3
170609072,1,2,4
170609073,2,4,4
170610001,5,6,6
170610002,2,3,5
170610003,2,5,5
170610004,1,4,6
170610005,4,4,6
170610006,1,2,6
170610007,2,4,5
170610008,1,1,2
170610009,1,3,5
170610010,1,4,4
170610011,1,2,5
170610012,4,4,4
170610013,3,4,5
170610014,1,2,5
170610015,3,3,6
170610016,4,4,5
170610017,3,5,6
170610018,3,4,6
170610019,1,3,3
170610020,1,3,6
170610021,3,3,5
170610022,1,3,3
170610023,3,3,4
170610024,1,4,6
170610025,1,2,6
170610026,1,2,6
170610027,3,5,5
170610028,4,6,6
170610029,1,2,6
170610030,1,4,6
170610031,1,4,4
170610032,3,4,4
170610033,1,3,5
170610034,3,3,6
170610035,2,4,4
170610036,2,2,4
170610037,3,3,6
170610038,1,6,6
170610039,3,5,5
170610040,1,2,5
170610041,2,3,4
170610042,1,4,5
170610043,4,5,5
170610044,1,2,4
170610045,3,5,6
170610046,1,4,4
170610047,3,5,6
170610048,4,5,6
170610049,1,5,5
170610050,1,4,5
170610051,3,5,6
170610052,2,2,4
170610053,2,2,3
170610054,2,4,6
170610055,2,4,5
170610056,3,4,5
170610057,1,2,6
170610058,2,3,5
170610059,1,4,6
170610060,4,5,5
170610061,3,4,4
170610062,1,1,5
170610063,2,3,6
170610064,4,5,6
170610065,4,6,6
170610066,1,2,5
170610067,2,5,6
170610068,1,3,3
170610069,2,5,5
170610070,2,5,6
170610071,3,6,6
170610072,4,4,4
170610073,3,3,6
170611001,1,4,6
170611002,3,3,6
170611003,2,4,4
170611004,3,4,5
170611005,2,4,5
170611006,1,6,6
170611007,1,3,4
170611008,2,2,5
170611009,4,5,6
170611010,2,2,6
170611011,2,3,4
170611012,3,5,5
170611013,1,4,4
170611014,2,5,5
170611015,4,5,6
170611016,1,2,3
170611017,1,5,5
170611018,2,3,4
170611019,1,2,4
170611020,1,6,6
170611021,5,5,5
170611022,1,2,5
170611023,3,4,5
170611024,1,2,5
170611025,1,4,5
170611026,2,4,4
170611027,1,3,5
170611028,1,2,6
170611029,3,5,5
170611030,3,4,6
170611031,1,3,5
170611032,3,4,5
170611033,2,3,5
170611034,4,5,6
170611035,2,3,3
170611036,1,1,3
170611037,2,3,6
170611038,2,4,6
170611039,3,6,6
170611040,1,6,6
170611041,1,3,6
170611042,2,5,6
170611043,2,4,5
170611044,2,2,3
170611045,4,5,6
170611046,1,1,4
170611047,3,5,6
170611048,4,5,6
170611049,3,4,5
170611050,2,3,4
170611051,4,4,5
170611052,2,2,2
170611053,1,4,6
170611054,2,4,4
170611055,2,4,4
170611056,1,5,6
170611057,1,3,3
170611058,1,3,5
170611059,3,5,6
170611060,1,2,6
170611061,1,2,3
170611062,1,4,5
170611063,2,4,5
170611064,4,6,6
170611065,1,2,5
170611066,3,3,4
170611067,1,4,5
170611068,1,5,6
170611069,2,4,6
170611070,1,2,5
170611071,2,3,5
170611072,3,4,5
170611073,5,6,6
170612001,2,5,5
170612002,1,2,5
170612003,2,3,5
170612004,1,6,6
170612005,2,5,5
170612006,3,4,6
170612007,3,6,6
170612008,1,1,2
170612009,4,5,6
170612010,1,2,3
170612011,3,5,6
170612012,3,4,6
170612013,3,5,5
170612014,3,5,6
170612015,2,3,4
170612016,4,4,4
170612017,1,3,3
170612018,4,5,6
170612019,2,3,6
170612020,2,4,5
170612021,3,4,6
170612022,1,2,3
170612023,4,6,6
170612024,2,4,5
170612025,1,1,5
170612026,1,3,5
170612027,2,3,6
170612028,3,4,6
170612029,2,3,4
170612030,1,6,6
170612031,1,1,3
170612032,2,2,5
170612033,1,3,5
170612034,2,2,2
170612035,4,5,6
170612036,3,4,6
170612037,3,4,5
170612038,1,2,6
170612039,1,4,4
170612040,3,3,6
170612041,2,2,4
170612042,1,3,3
170612043,1,2,6
170612044,2,3,6
170612045,4,5,5
170612046,2,3,4
170612047,1,2,3
170612048,2,2,6
170612049,2,3,4
170612050,5,6,6
170612051,1,5,5
170612052,2,2,3
170612053,3,3,5
170612054,1,4,5
170612055,1,4,6
170612056,1,2,3
170612057,1,5,6
170612058,3,4,6
170612059,1,1,6
170612060,2,4,5
170612061,1,2,5
170612062,3,4,6
170612063,1,3,4
170612064,2,3,3
170612065,4,5,6
170612066,1,2,5
170612067,2,3,4
170612068,3,3,3
170612069,3,3,5
170612070,2,5,5
170612071,4,5,6
170612072,3,4,5
170612073,1,2,4
170613001,1,3,4
170613002,1,4,6
170613003,3,6,6
170613004,4,4,6
170613005,2,4,5
170613006,3,5,5
170613007,1,5,6
170613008,3,5,5
170613009,1,3,4
170613010,5,6,6
170613011,2,3,5
170613012,1,1,4
170613013,2,5,6
170613014,1,3,6
170613015,3,4,4
170613016,1,2,4
170613017,1,2,6
170613018,1,3,3
170613019,3,4,4
170613020,3,4,5
170613021,1,1,6
170613022,1,4,5
170613023,1,3,6
170613024,2,4,4
170613025,1,2,3
170613026,3,4,6
170613027,4,4,5
170613028,1,1,4
170613029,2,2,5
170613030,1,2,3
170613031,3,4,4
170613032,1,1,4
170613033,1,3,4
170613034,1,3,5
170613035,1,6,6
170613036,2,2,3
170613037,5,6,6
170613038,2,3,5
170613039,2,4,6
170613040,1,3,4
170613041,2,4,6
170613042,2,6,6
170613043,4,6,6
170613044,1,2,4
170613045,3,4,4
170613046,5,5,6
170613047,3,5,6
170613048,3,3,4
170613049,1,3,3
170613050,2,3,6
170613051,5,6,6
170613052,3,6,6
170613053,3,3,3
170613054,3,3,4
170613055,1,5,5
170613056,3,4,4
170613057,3,3,4
170613058,3,4,6
170613059,2,3,6
170613060,4,4,6
170613061,1,1,5
170613062,2,5,5
170613063,3,5,6
170613064,4,5,5
170613065,2,4,5
170613066,2,5,6
170613067,2,5,5
170613068,2,3,4
170613069,2,2,3
170613070,1,2,3
170613071,2,4,6
170613072,4,6,6
170613073,1,2,2
170614001,3,4,6
170614002,2,3,5
170614003,2,3,3
170614004,1,1,2
170614005,1,4,5
170614006,1,3,4
170614007,1,4,4
170614008,1,6,6
170614009,1,4,5
170614010,1,5,6
170614011,2,4,6
170614012,3,6,6
170614013,1,2,5
170614014,1,1,6
170614015,1,4,6
170614016,3,4,6
170614017,3,4,5
170614018,1,2,6
170614019,3,4,5
170614020,2,4,6
170614021,2,4,5
170614022,3,5,5
170614023,1,3,4
170614024,3,3,6
170614025,2,3,4
170614026,3,4,5
170614027,1,1,2
170614028,4,5,6
170614029,2,4,6
170614030,1,2,6
170614031,1,1,3
170614032,5,5,6
170614033,2,3,5
170614034,3,3,6
170614035,3,4,6
170614036,1,2,3
170614037,2,3,5
170614038,2,3,4
170614039,1,3,5
170614040,1,3,3
170614041,3,4,5
170614042,1,2,3
170614043,1,5,6
170614044,4,5,6
170614045,2,6,6
170614046,5,6,6
170614047,3,6,6
170614048,1,1,2
170614049,1,2,5
170614050,1,3,5
170614051,1,6,6
170614052,1,3,4
170614053,1,2,2
170614054,1,5,6
170614055,4,4,6
170614056,4,4,6
170614057,4,5,6
170614058,1,2,4
170614059,2,2,2
170614060,3,5,5
170614061,1,5,6
170614062,2,4,4
170614063,4,6,6
170614064,6,6,6
170614065,4,4,5
170614066,2,4,5
170614067,1,2,6
170614068,2,2,5
170614069,1,6,6
170614070,2,5,5
170614071,3,4,6
170614072,1,5,6
170614073,2,5,5
170615001,2,4,5
170615002,1,5,6
170615003,2,4,5
170615004,5,6,6
170615005,2,5,6
170615006,2,3,5
170615007,1,3,6
170615008,4,6,6
170615009,1,2,6
170615010,1,3,4
170615011,4,5,5
170615012,1,3,5
170615013,3,3,4
170615014,2,4,5
170615015,2,3,4
170615016,3,6,6
170615017,1,4,6
170615018,1,3,4
170615019,4,5,6
170615020,3,5,6
170615021,3,6,6
170615022,1,1,5
170615023,2,3,6
170615024,3,3,6
170615025,4,5,6
170615026,2,3,6
170615027,3,3,5
170615028,2,4,5
170615029,2,6,6
170615030,1,1,6
170615031,1,2,3
170615032,1,1,6
170615033,1,4,6
170615034,1,2,4
170615035,2,2,6
170615036,1,4,5
170615037,3,4,6
170615038,1,3,4
170615039,4,5,5
170615040,1,6,6
170615041,2,3,6
170615042,3,3,6
170615043,1,4,6
170615044,1,4,6
170615045,1,5,6
170615046,1,3,5
170615047,1,3,4
170615048,3,4,6
170615049,1,3,5
170615050,4,6,6
170615051,3,6,6
170615052,1,3,5
170615053,4,5,6
170615054,2,3,4
170615055,3,3,4
170615056,1,1,6
170615057,1,4,5
170615058,2,4,6
170615059,1,3,3
170615060,3,4,5
170615061,2,3,6
170615062,1,3,6
170615063,3,5,6
170615064,1,3,5
170615065,2,2,5
170615066,1,4,5
170615067,3,4,4
170615068,3,4,5
170615069,2,5,5
170615070,1,5,5
170615071,2,4,5
170615072,2,2,5
170615073,1,1,5
170616001,1,2,3
170616002,1,5,6
170616003,1,2,3
170616004,2,4,6
170616005,1,2,5
170616006,2,3,5
170616007,2,5,6
170616008,4,5,5
170616009,1,1,4
170616010,3,4,5
170616011,1,6,6
170616012,1,5,6
170616013,1,3,6
170616014,3,3,4
170616015,2,4,6
170616016,1,1,4
170616017,2,3,6
170616018,2,4,6
170616019,1,2,4
170616020,1,2,6
170616021,3,3,5
170616022,1,5,6
170616023,3,4,6
170616024,4,5,6
170616025,3,4,5
170616026,3,4,6
170616027,1,2,5
170616028,2,2,2
170616029,4,4,4
170616030,1,4,5
170616031,2,3,5
170616032,1,3,6
170616033,1,6,6
170616034,2,4,5
170616035,1,2,4
170616036,3,4,5
170616037,2,5,5
170616038,3,5,5
170616039,3,5,5
170616040,4,5,6
170616041,6,6,6
170616042,2,3,5
170616043,1,4,6
170616044,1,5,5
170616045,2,3,4
170616046,2,3,5
170616047,2,5,5
170616048,3,4,6
170616049,1,3,3
170616050,4,5,6
170616051,2,2,5
170616052,1,1,4
170616053,3,3,5
170616054,1,1,2
170616055,1,4,6
170616056,2,2,6
170616057,2,3,6
170616058,2,5,5
170616059,3,4,5
170616060,1,3,4
170616061,1,5,6
170616062,2,3,4
170616063,1,2,5
170616064,1,3,5
170616065,3,4,6
170616066,1,3,5
170616067,2,4,5
170616068,1,3,6
170616069,1,2,4
170616070,1,3,6
170616071,2,3,5
170616072,4,5,6
170616073,3,4,6
170617001,4,4,6
170617002,1,1,5
170617003,3,3,6
170617004,1,3,3
170617005,2,3,4
170617006,3,4,4
170617007,5,5,5
170617008,1,2,6
170617009,1,4,6
170617010,1,2,6
170617011,2,3,5
170617012,1,3,3
170617013,2,4,5
170617014,4,4,6
170617015,2,3,6
170617016,2,5,5
170617017,1,4,4
170617018,2,4,4
170617019,2,5,6
170617020,3,4,6
170617021,2,4,5
170617022,1,3,4
170617023,3,5,5
170617024,1,3,3
170617025,4,5,6
170617026,1,2,5
170617027,1,3,6
170617028,1,2,5
170617029,1,2,4
170617030,1,2,3
170617031,1,1,6
170617032,1,4,5
170617033,2,3,5
170617034,1,3,5
170617035,1,5,6
170617036,2,2,3
170617037,1,2,3
170617038,1,4,4
170617039,3,5,6
170617040,1,2,6
170617041,1,4,4
170617042,1,6,6
170617043,2,2,6
170617044,4,6,6
170617045,1,4,5
170617046,1,3,5
170617047,1,4,6
170617048,3,5,6
170617049,1,2,3
170617050,3,5,6
170617051,2,3,6
170617052,2,2,6
170617053,1,2,4
170617054,1,1,3
170617055,1,1,3
170617056,3,4,5
170617057,1,2,5
170617058,3,3,6
170617059,1,6,6
170617060,2,4,5
170617061,1,2,3
170617062,2,4,4
170617063,3,4,5
170617064,2,4,5
170617065,1,4,6
170617066,2,4,5
170617067,1,4,5
170617068,2,3,4
170617069,2,3,5
170617070,2,3,5
170617071,2,3,6
170617072,1,3,6
170617073,2,2,5
170618001,2,5,5
170618002,2,5,6
170618003,4,5,6
170618004,4,5,6
170618005,1,2,3
170618006,1,4,6
170618007,4,4,6
170618008,1,1,1
170618009,1,2,2
170618010,4,4,5
170618011,3,5,5
170618012,2,3,3
170618013,1,3,4
170618014,2,4,6
170618015,3,4,6
170618016,1,3,4
170618017,2,3,5
170618018,2,4,6
170618019,3,4,6
170618020,1,2,3
170618021,2,3,4
170618022,2,4,6
170618023,4,4,4
170618024,1,3,4
170618025,1,2,2
170618026,4,5,5
170618027,2,4,4
170618028,3,3,5
170618029,1,3,4
170618030,1,4,6
170618031,1,2,4
170618032,1,3,6
170618033,4,4,5
170618034,2,3,5
170618035,1,6,6
170618036,1,4,4
170618037,2,4,5
170618038,2,4,5
170618039,1,2,4
170618040,4,4,5
170618041,1,1,5
170618042,3,5,5
170618043,2,2,6
170618044,3,4,4
170618045,2,2,6
170618046,1,1,4
170618047,4,6,6
170618048,1,5,6
170618049,1,3,6
170618050,2,3,6
170618051,3,3,5
170618052,2,4,6
170618053,1,2,5
170618054,4,4,5
170618055,1,2,3
170618056,2,2,4
170618057,1,1,5
170618058,2,3,4
170618059,2,2,4
170618060,1,3,6
170618061,1,2,4
170618062,1,3,4
170618063,5,5,6
170618064,4,4,4
170618065,2,4,5
170618066,2,4,5
170618067,2,3,6
170618068,1,5,6
170618069,1,6,6
170618070,1,4,6
170618071,2,5,5
170618072,3,3,4
170618073,1,4,6
170619001,2,3,6
170619002,1,2,5
170619003,1,3,6
170619004,1,5,6
170619005,4,5,6
170619006,3,6,6
170619007,2,3,3
170619008,2,3,4
170619009,2,3,3
170619010,1,2,5
170619011,1,4,6
170619012,1,4,6
170619013,3,3,3
170619014,3,6,6
170619015,1,2,6
170619016,2,4,4
170619017,1,2,4
170619018,1,3,6
170619019,1,3,6
170619020,5,6,6
170619021,1,2,3
170619022,4,5,6
170619023,4,4,4
170619024,1,4,5
170619025,3,3,4
170619026,2,4,4
170619027,2,3,4
170619028,1,5,5
170619029,1,5,5
170619030,5,5,6
170619031,4,5,5
170619032,2,4,5
170619033,2,5,5
170619034,2,2,3
170619035,3,4,4
170619036,4,5,6
170619037,1,3,4
170619038,2,3,3
170619039,1,4,5
170619040,2,2,3
170619041,1,2,4
170619042,2,5,6
170619043,3,3,4
170619044,1,1,3
170619045,3,3,4
170619046,1,4,5
170619047,3,4,5
170619048,2,4,6
170619049,3,4,6
170619050,3,5,6
170619051,2,2,5
170619052,3,6,6
170619053,1,3,5
170619054,1,2,5
170619055,4,4,5
170619056,4,5,5
170619057,3,4,4
170619058,4,4,6
170619059,3,4,6
170619060,3,5,5
170619061,1,2,6
170619062,1,2,6
170619063,1,3,6
170619064,4,5,5
170619065,2,3,3
170619066,1,1,1
170619067,1,5,6
170619068,3,4,4
170619069,3,6,6
170619070,1,4,5
170619071,1,3,4
170619072,1,2,3
170619073,1,1,3
170620001,1,1,6
170620002,4,5,5
170620003,2,5,6
170620004,3,3,4
170620005,3,5,5
170620006,1,4,6
170620007,4,5,5
170620008,1,1,3
170620009,1,3,4
170620010,2,2,3
170620011,3,4,5
170620012,1,3,3
170620013,1,2,2
170620014,3,4,6
170620015,1,2,4
170620016,1,2,2
170620017,2,3,5
170620018,1,3,5
170620019,2,3,5
170620020,1,4,4
170620021,1,1,2
170620022,2,3,5
170620023,2,2,2
170620024,1,3,3
170620025,1,2,6
170620026,3,4,6
170620027,1,2,3
170620028,4,4,6
170620029,2,5,6
170620030,4,6,6
170620031,3,3,4
170620032,4,4,5
170620033,1,2,5
170620034,1,2,6
170620035,4,5,6
170620036,1,1,5
170620037,2,2,6
170620038,3,4,5
170620039,2,2,4
170620040,1,4,5
170620041,1,2,2
170620042,4,4,6
170620043,1,1,3
170620044,1,4,6
170620045,4,4,4
170620046,1,2,6
170620047,2,3,5
170620048,1,3,6
170620049,1,3,3
170620050,2,4,6
170620051,2,5,6
170620052,3,3,5
170620053,1,3,6
170620054,3,3,4
170620055,1,4,4
170620056,3,5,5
170620057,2,3,6
170620058,2,2,4
170620059,4,5,5
170620060,2,3,3
170620061,2,6,6
170620062,1,1,6
170620063,2,4,5
170620064,4,5,6
170620065,2,4,4
170620066,2,6,6
170620067,2,3,3
170620068,4,5,5
170620069,1,3,6
170620070,2,3,3
170620071,1,1,5
170620072,1,1,4
170620073,2,6,6
170621001,1,6,6
170621002,1,5,5
170621003,3,5,5
170621004,3,3,5
170621005,1,2,2
170621006,3,3,5
170621007,1,4,6
170621008,5,5,5
170621009,1,3,6
170621010,2,3,4
170621011,3,6,6
170621012,1,1,5
170621013,1,4,4
170621014,3,3,6
170621015,3,3,6
170621016,2,3,6
170621017,4,5,5
170621018,1,2,5
170621019,4,5,5
170621020,4,6,6
170621021,4,5,6
170621022,3,4,5
170621023,2,3,5
170621024,2,3,3
170621025,1,4,5
170621026,1,2,4
170621027,3,3,4
170621028,1,2,2
170621029,4,5,6
170621030,4,5,6
170621031,3,3,3
170621032,1,5,6
170621033,1,4,5
170621034,1,4,5
170621035,2,3,6
170621036,4,5,6
170621037,2,3,5
170621038,1,4,6
170621039,2,3,4
170621040,1,4,6
170621041,2,5,6
170621042,1,6,6
170621043,4,5,6
170621044,1,1,1
170621045,3,4,5
170621046,2,3,5
170621047,4,4,6
170621048,2,2,4
170621049,2,2,6
170621050,2,4,5
170621051,2,3,5
170621052,2,3,4
170621053,1,4,6
170621054,3,4,4
170621055,2,6,6
170621056,1,2,4
170621057,3,3,4
170621058,4,5,6
170621059,3,3,6
170621060,3,4,6
170621061,2,5,6
170621062,2,3,6
170621063,2,3,5
170621064,1,3,5
170621065,5,5,5
170621066,1,2,5
170621067,1,2,5
170621068,3,4,6
170621069,1,4,4
170621070,2,3,4
170621071,1,1,4
170621072,2,6,6
170621073,1,2,6
170622001,1,2,6
170622002,2,4,5
170622003,2,4,6
170622004,3,6,6
170622005,2,5,6
170622006,1,3,5
170622007,5,6,6
170622008,2,3,3
170622009,1,2,3
170622010,1,2,5
170622011,1,3,6
170622012,1,4,6
170622013,1,2,4
170622014,2,4,4
170622015,2,3,6
170622016,3,6,6
170622017,3,6,6
170622018,1,3,6
170622019,1,3,3
170622020,2,3,4
170622021,1,3,4
170622022,2,4,6
170622023,1,6,6
170622024,2,3,6
170622025,3,4,5
170622026,1,5,6
170622027,4,5,5
170622028,2,5,6
170622029,2,5,6
170622030,2,2,5
170622031,2,2,4
170622032,4,5,6
170622033,3,3,6
170622034,1,4,6
170622035,3,4,4
170622036,2,3,4
170622037,2,2,6
170622038,3,6,6
170622039,3,4,4
170622040,4,5,6
170622041,4,5,6
170622042,1,2,5
170622043,4,4,6
170622044,1,5,6
170622045,5,5,6
170622046,1,3,4
170622047,2,5,6
170622048,2,3,6
170622049,1,1,2
170622050,1,2,4
170622051,5,5,5
170622052,1,2,5
170622053,3,5,5
170622054,2,3,6
170622055,1,1,6
170622056,2,4,6
170622057,2,3,6
170622058,2,3,6
170622059,1,1,2
170622060,1,4,5
170622061,2,3,6
170622062,3,5,6
170622063,2,2,4
170622064,3,4,6
170622065,2,3,5
170622066,2,5,6
170622067,3,4,5
170622068,2,3,4
170622069,2,3,5
170622070,2,3,6
170622071,2,6,6
170622072,1,2,6
170622073,2,4,6
170623001,2,3,5
170623002,2,3,4
170623003,2,2,6
170623004,1,1,2
170623005,1,3,6
170623006,1,1,6
170623007,1,2,2
170623008,1,2,3
170623009,3,4,5
170623010,3,5,6
170623011,3,4,4
170623012,3,3,6
170623013,4,6,6
170623014,2,3,6
170623015,1,2,6
170623016,1,2,6
170623017,1,3,5
170623018,1,1,5
170623019,1,2,3
170623020,1,2,6
170623021,2,4,6
170623022,4,5,5
170623023,2,5,5
170623024,2,4,5
170623025,1,2,4
170623026,4,4,6
170623027,2,6,6
170623028,2,2,6
170623029,1,1,3
170623030,3,3,6
170623031,1,1,6
170623032,2,4,5
170623033,3,4,5
170623034,2,5,6
170623035,3,5,6
170623036,1,1,5
170623037,1,4,4
170623038,1,2,4
170623039,2,3,5
170623040,2,3,4
170623041,1,4,4
170623042,2,4,5
170623043,4,5,5
170623044,1,3,6
170623045,2,3,5
170623046,3,4,6
170623047,4,4,5
170623048,3,3,5
170623049,2,2,4
170623050,2,3,5
170623051,1,4,6
170623052,1,5,5
170623053,2,3,3
170623054,2,4,6
170623055,2,3,4
170623056,2,2,4
170623057,4,6,6
170623058,2,3,6
170623059,2,5,6
170623060,1,2,4
170623061,1,5,5
170623062,1,3,5
170623063,2,3,6
170623064,3,3,6
170623065,4,4,5
170623066,1,3,5
170623067,2,3,5
170623068,4,4,6
170623069,1,3,6
170623070,1,2,3
170623071,1,3,4
170623072,3,3,4
170623073,1,3,5
170624001,2,4,5
170624002,4,4,4
170624003,1,1,2
170624004,1,2,3
170624005,3,3,6
170624006,2,3,5
170624007,4,4,6
170624008,6,6,6
170624009,5,5,6
170624010,1,1,6
170624011,2,5,6
170624012,3,5,6
170624013,2,3,3
170624014,1,1,4
170624015,2,2,6
170624016,1,5,5
170624017,5,5,6
170624018,3,3,6
170624019,2,4,6
170624020,1,3,4
170624021,2,4,6
170624022,2,5,5
170624023,2,5,6
170624024,1,4,5
170624025,3,3,4
170624026,1,3,3
170624027,1,1,6
170624028,1,1,3
170624029,1,4,4
170624030,1,2,6
170624031,1,2,6
170624032,1,2,4
170624033,1,1,2
170624034,4,4,6
170624035,1,4,6
170624036,4,5,5
170624037,3,4,5
170624038,3,4,6
170624039,2,4,6
170624040,1,4,6
170624041,4,5,5
170624042,1,3,6
170624043,4,5,6
170624044,1,6,6
170624045,3,3,3
170624046,3,4,5
170624047,1,5,6
170624048,2,3,3
170624049,1,2,3
170624050,2,2,4
170624051,5,6,6
170624052,4,5,5
170624053,1,5,6
170624054,4,5,6
170624055,4,5,6
170624056,1,2,3
170624057,3,4,6
170624058,2,2,4
170624059,2,4,4
170624060,1,1,6
170624061,2,4,4
170624062,3,3,6
170624063,1,2,3
170624064,2,3,4
170624065,2,2,3
170624066,1,3,4
170624067,2,2,6
170624068,3,5,6
170624069,1,3,3
170624070,3,4,6
170624071,1,5,5
170624072,1,5,6
170624073,1,4,6
170625001,2,5,5
170625002,1,2,3
170625003,2,3,3
170625004,4,5,6
170625005,2,3,6
170625006,4,5,6
170625007,5,5,5
170625008,2,3,6
170625009,1,5,6
170625010,1,1,3
170625011,2,4,4
170625012,1,4,5
170625013,2,4,6
170625014,3,5,6
170625015,3,4,5
170625016,1,1,6
170625017,1,5,6
170625018,3,5,6
170625019,2,3,4
170625020,2,3,5
170625021,1,4,5
170625022,1,3,4
170625023,1,5,5
170625024,1,2,2
170625025,6,6,6
170625026,1,1,6
170625027,2,4,6
170625028,5,5,6
170625029,1,3,6
170625030,2,2,5
170625031,3,4,5
170625032,1,2,5
170625033,1,1,2
170625034,3,4,6
170625035,1,4,5
170625036,2,2,3
170625037,1,1,4
170625038,1,1,3
170625039,3,5,5
170625040,3,3,3
170625041,2,3,4
170625042,1,1,3
170625043,1,6,6
170625044,2,4,5
170625045,1,2,5
170625046,1,5,5
170625047,1,2,2
170625048,4,5,6
170625049,5,5,6
170625050,4,4,6
170625051,2,5,5
170625052,5,6,6
170625053,2,3,4
170625054,2,3,4
170625055,2,3,3
170625056,3,3,4
170625057,4,5,5
170625058,2,3,6
170625059,1,3,5
170625060,4,4,6
170625061,1,6,6
170625062,3,3,5
170625063,2,4,4
170625064,3,3,3
170625065,3,5,6
170625066,1,1,6
170625067,1,3,5
170625068,3,5,6
170625069,1,3,5
170625070,2,5,5
170625071,1,2,6
170625072,2,2,6
170625073,1,3,4
170626001,5,6,6
170626002,1,2,4
170626003,3,4,6
170626004,1,3,6
170626005,5,5,6
170626006,5,5,6
170626007,1,2,4
170626008,1,4,5
170626009,1,2,5
170626010,2,3,5
170626011,1,2,5
170626012,3,5,6
170626013,1,3,4
170626014,2,5,6
170626015,2,3,4
170626016,1,2,5
170626017,3,5,6
170626018,1,4,6
170626019,1,3,4
170626020,3,3,5
170626021,1,2,4
170626022,1,2,5
170626023,2,5,6
170626024,1,2,4
170626025,1,5,6
170626026,3,4,5
170626027,1,2,4
170626028,2,4,5
170626029,5,5,6
170626030,2,3,4
170626031,3,3,5
170626032,2,5,6
170626033,3,6,6
170626034,4,4,6
170626035,1,1,2
170626036,1,2,4
170626037,4,4,6
170626038,2,3,4
170626039,1,3,3
170626040,3,3,5
170626041,3,4,6
170626042,1,2,4
170626043,3,4,5
170626044,1,2,4
170626045,1,3,5
170626046,3,3,4
170626047,2,5,6
170626048,1,1,6
170626049,3,5,5
170626050,3,4,6
170626051,3,5,5
170626052,1,3,6
170626053,1,2,6
170626054,4,5,6
170626055,2,3,4
170626056,2,5,6
170626057,1,3,6
170626058,2,2,4
170626059,1,2,3
170626060,3,4,6
170626061,5,6,6
170626062,4,4,6
170626063,3,4,4
170626064,1,3,4
170626065,1,2,6
170626066,2,5,6
170626067,1,2,5
170626068,1,4,6
170626069,5,5,5
170626070,4,4,6
170626071,1,2,3
170626072,4,5,6
170626073,1,2,6
170627001,2,3,3
170627002,2,5,6
170627003,4,4,5
170627004,1,3,6
170627005,5,5,6
170627006,2,2,6
170627007,5,5,6
170627008,1,6,6
170627009,2,4,5
170627010,3,5,6
170627011,3,3,4
170627012,2,6,6
170627013,2,4,6
170627014,1,4,5
170627015,2,2,2
170627016,4,4,6
170627017,3,3,3
170627018,1,4,5
170627019,1,3,5
170627020,1,5,6
170627021,1,2,6
170627022,1,2,3
170627023,2,5,6
170627024,2,6,6
170627025,1,2,3
170627026,1,2,3
170627027,1,2,2
170627028,2,3,6
170627029,2,2,5
170627030,4,5,6
170627031,2,3,4
170627032,1,5,5
170627033,2,5,6
170627034,1,1,2
170627035,2,4,5
170627036,1,1,1
170627037,2,2,5
170627038,2,3,4
170627039,1,1,1
170627040,3,5,6
170627041,1,2,4
170627042,1,6,6
170627043,1,5,6
170627044,1,1,2
170627045,1,2,5
170627046,1,5,6
170627047,1,2,6
170627048,1,3,3
170627049,1,1,4
170627050,2,2,4
170627051,2,5,6
170627052,3,5,6
170627053,1,1,5
170627054,2,5,6
170627055,2,3,6
170627056,3,5,6
170627057,3,3,6
170627058,1,3,5
170627059,1,4,6
170627060,4,5,6
170627061,3,5,6
170627062,1,6,6
170627063,1,1,2
170627064,5,5,6
170627065,1,4,5
170627066,3,4,6
170627067,2,3,3
170627068,2,3,6
170627069,4,4,5
170627070,2,2,3
170627071,3,4,5
170627072,2,4,6
170627073,2,2,4
170628001,1,3,6
170628002,2,4,4
170628003,1,3,6
170628004,5,5,6
170628005,2,2,4
170628006,2,5,6
170628007,2,5,6
170628008,3,5,6
170628009,3,6,6
170628010,3,5,5
170628011,1,4,6
170628012,3,4,4
170628013,4,4,5
170628014,1,4,4
170628015,2,3,5
170628016,2,3,4
170628017,2,3,4
170628018,1,4,5
170628019,3,3,4
170628020,1,3,3
170628021,3,5,6
170628022,1,3,3
170628023,3,4,5
170628024,1,3,4
170628025,1,2,6
170628026,1,2,6
170628027,5,6,6
170628028,1,3,4
170628029,1,2,2
170628030,1,3,4
170628031,1,4,5
170628032,2,3,4
170628033,1,2,5
170628034,3,4,4
170628035,1,1,5
170628036,1,3,5
170628037,1,3,6
170628038,2,4,4
170628039,1,3,4
170628040,1,3,5
170628041,2,3,4
170628042,1,3,4
170628043,2,3,4
170628044,1,3,5
170628045,1,1,6
170628046,2,4,6
170628047,2,3,3
170628048,2,4,4
170628049,4,4,6
170628050,1,3,5
170628051,1,1,4
170628052,3,3,6
170628053,1,3,3
170628054,2,4,4
170628055,2,2,3
170628056,2,2,6
170628057,3,3,6
170628058,2,4,5
170628059,2,4,5
170628060,1,6,6
170628061,5,5,6
170628062,1,3,3
170628063,1,1,5
170628064,3,4,6
170628065,2,5,6
170628066,1,2,3
170628067,2,3,3
170628068,2,4,6
170628069,2,4,5
170628070,3,4,6
170628071,3,5,6
170628072,1,3,6
170628073,1,3,3
170629001,3,6,6
170629002,1,4,5
170629003,1,4,4
170629004,1,2,4
170629005,1,2,5
170629006,2,4,6
170629007,1,1,3
170629008,2,3,5
170629009,5,6,6
170629010,3,3,6
170629011,1,2,6
170629012,1,2,3
170629013,3,3,6
170629014,5,5,6
170629015,2,3,5
170629016,2,3,6
170629017,2,4,5
170629018,3,3,5
170629019,1,3,6
170629020,2,4,6
170629021,1,4,4
170629022,1,2,5
170629023,1,4,6
170629024,2,3,6
170629025,1,2,5
170629026,2,3,3
170629027,1,1,5
170629028,3,4,5
170629029,2,2,6
170629030,5,5,6
170629031,2,2,4
170629032,4,4,6
170629033,2,5,6
170629034,2,4,6
170629035,5,6,6
170629036,3,3,3
170629037,2,4,5
170629038,3,4,5
170629039,1,1,4
170629040,1,2,2
170629041,3,6,6
170629042,3,4,6
170629043,2,2,5
170629044,1,2,5
170629045,4,5,6
170629046,2,3,4
170629047,1,3,5
170629048,3,4,6
170629049,5,5,6
170629050,5,5,6
170629051,3,4,6
170629052,1,2,5
170629053,3,5,5
170629054,2,3,4
170629055,1,5,6
170629056,1,2,3
170629057,3,4,6
170629058,3,5,6
170629059,1,3,4
170629060,2,5,6
170629061,1,1,4
170629062,1,2,3
170629063,1,3,6
170629064,1,2,5
170629065,2,4,6
170629066,5,6,6
170629067,2,4,4
170629068,2,4,5
170629069,3,4,5
170629070,1,5,6
170629071,1,1,2
170629072,1,1,4
170629073,2,5,5
170630001,2,2,5
170630002,1,1,3
170630003,1,3,6
170630004,1,2,2
170630005,3,4,4
170630006,4,4,6
170630007,1,4,5
170630008,2,3,5
170630009,1,1,3
170630010,1,2,6
170630011,1,5,6
170630012,3,4,6
170630013,4,4,6
170630014,1,4,4
170630015,2,3,5
170630016,4,5,6
170630017,1,2,4
170630018,3,3,4
170630019,2,4,4
170630020,3,3,6
170630021,5,5,6
170630022,1,3,6
170630023,1,4,6
170630024,2,3,4
170630025,2,4,5
170630026,1,3,3
170630027,2,5,6
170630028,1,1,3
170630029,1,5,6
170630030,2,4,6
170630031,2,6,6
170630032,4,4,6
170630033,2,5,6
170630034,1,2,2
170630035,2,3,4
170630036,3,4,6
170630037,3,5,6
170630038,1,2,3
170630039,2,2,5
170630040,2,5,5
170630041,2,2,6
170630042,1,3,6
170630043,1,2,6
170630044,3,4,5
170630045,1,2,4
170630046,1,1,3
170630047,4,5,5
170630048,1,2,5
170630049,1,3,4
170630050,4,6,6
170630051,1,2,6
170630052,1,1,5
170630053,4,5,5
170630054,1,5,6
170630055,1,3,5
170630056,1,2,5
170630057,1,5,5
170630058,1,1,3
170630059,2,2,6
170630060,1,1,2
170630061,2,5,5
170630062,3,5,6
170630063,1,2,4
170630064,1,2,3
170630065,5,5,6
170630066,1,6,6
170630067,1,1,6
170630068,4,4,6
170630069,1,2,6
170630070,1,2,6
170630071,2,2,4
170630072,2,5,6
170630073,1,6,6
170701001,1,4,4
170701002,2,3,4
170701003,1,4,6
170701004,4,5,5
170701005,3,4,5
170701006,2,2,6
170701007,1,5,5
170701008,2,6,6
170701009,1,1,3
170701010,2,2,4
170701011,1,5,6
170701012,3,6,6
170701013,1,4,5
170701014,6,6,6
170701015,2,2,3
170701016,1,2,3
170701017,2,3,3
170701018,2,4,6
170701019,3,4,5
170701020,1,4,6
170701021,2,5,6
170701022,2,2,4
170701023,2,2,6
170701024,1,1,4
170701025,2,3,4
170701026,3,3,5
170701027,2,4,4
170701028,2,3,6
170701029,1,1,5
170701030,3,5,6
170701031,1,5,5
170701032,5,6,6
170701033,3,4,4
170701034,1,4,6
170701035,1,5,6
170701036,3,5,6
170701037,4,6,6
170701038,2,3,4
170701039,1,4,5
170701040,1,4,4
170701041,5,5,6
170701042,1,2,5
170701043,1,3,3
170701044,2,3,6
170701045,1,2,4
170701046,2,2,2
170701047,3,3,6
170701048,2,2,4
170701049,2,4,4
170701050,2,2,5
170701051,1,4,6
170701052,2,3,5
170701053,3,4,5
170701054,2,3,5
170701055,1,2,3
170701056,3,4,5
170701057,2,4,5
170701058,1,1,3
170701059,1,3,4
170701060,3,4,4
170701061,3,3,5
170701062,2,5,6
170701063,4,5,5
170701064,3,5,6
170701065,1,5,6
170701066,3,4,5
170701067,1,2,5
170701068,1,3,3
170701069,2,6,6
170701070,1,4,4
170701071,1,2,6
170701072,2,2,3
170701073,1,1,5
170702001,2,4,6
170702002,2,4,5
170702003,5,6,6
170702004,2,5,5
170702005,4,4,4
170702006,2,3,4
170702007,2,4,6
170702008,1,3,3
170702009,1,3,4
170702010,1,5,6
170702011,1,2,6
170702012,2,4,6
170702013,1,2,3
170702014,1,2,3
170702015,3,6,6
170702016,1,3,6
170702017,3,4,6
170702018,2,3,3
170702019,3,5,6
170702020,3,5,6
170702021,3,4,5
170702022,1,5,6
170702023,3,4,6
170702024,1,3,6
170702025,2,5,5
170702026,1,2,6
170702027,5,5,5
170702028,1,3,6
170702029,1,1,4
170702030,1,2,5
170702031,1,3,4
170702032,3,4,6
170702033,3,3,5
170702034,2,4,4
170702035,1,2,5
170702036,1,2,6
170702037,5,5,6
170702038,1,2,5
170702039,3,5,6
170702040,4,4,6
170702041,2,3,3
170702042,1,5,5
170702043,2,2,6
170702044,1,4,6
170702045,3,3,4
170702046,4,4,5
170702047,1,2,5
170702048,2,3,4
170702049,1,2,3
170702050,1,3,4
170702051,2,2,4
170702052,2,4,6
170702053,2,3,5
170702054,1,3,5
170702055,2,2,6
170702056,6,6,6
170702057,3,5,6
170702058,2,3,5
170702059,3,5,6
170702060,1,2,4
170702061,4,5,5
170702062,1,3,6
170702063,4,6,6
170702064,3,3,4
170702065,1,1,6
170702066,2,2,3
170702067,3,4,6
170702068,3,5,6
170702069,1,3,4
170702070,5,6,6
170702071,1,2,6
170702072,2,4,6
170702073,1,1,6
170703001,2,5,5
170703002,3,3,4
170703003,3,3,5
170703004,1,2,4
170703005,3,4,5
170703006,1,2,3
170703007,1,2,6
170703008,3,3,6
170703009,2,5,6
170703010,1,1,5
170703011,1,1,6
170703012,1,2,2
170703013,1,3,4
170703014,1,2,5
170703015,2,3,4
170703016,2,5,5
170703017,2,5,5
170703018,3,3,5
170703019,4,4,6
170703020,4,6,6
170703021,2,5,5
170703022,2,3,6
170703023,2,6,6
170703024,2,4,4
170703025,1,2,5
170703026,3,3,3
170703027,1,2,2
170703028,2,5,5
170703029,2,2,6
170703030,2,5,6
170703031,3,3,5
170703032,3,3,5
170703033,3,3,3
170703034,3,3,4
170703035,2,6,6
170703036,3,5,6
170703037,1,1,5
170703038,1,2,3
170703039,2,4,5
170703040,1,2,4
170703041,3,4,6
170703042,1,3,3
170703043,4,5,6
170703044,1,3,4
170703045,2,2,5
170703046,1,2,5
170703047,3,5,6
170703048,2,5,5
170703049,2,4,6
170703050,2,5,5
170703051,2,2,6
170703052,1,3,3
170703053,2,3,5
170703054,2,2,5
170703055,1,3,6
170703056,2,2,3
170703057,2,3,4
170703058,2,4,6
170703059,1,3,6
170703060,3,5,6
170703061,1,1,1
170703062,4,4,5
170703063,3,5,6
170703064,1,2,6
170703065,3,5,6
170703066,2,2,3
170703067,1,2,4
170703068,3,4,6
170703069,1,1,4
170703070,1,3,6
170703071,6,6,6
170703072,4,5,5
170703073,3,5,5
